customer_id,name,email,region,start_date,end_date,is_current
1000,Allison Hill,jillrhodes@miller.com,East,2023-01-01,9999-12-31,1
1001,Lance Hoffman,shaneramirez@gmail.com,East,2023-01-01,9999-12-31,1
1002,Caitlin Henderson,jasongallagher@gmail.com,North,2023-01-01,9999-12-31,1
1003,Brent Abbott,blairamanda@yahoo.com,West,2023-01-01,9999-12-31,1
1004,Edward Fuller,janetwilliams@gmail.com,West,2023-01-01,9999-12-31,1
1005,Victoria Wyatt,oramirez@martin-kelly.com,West,2023-01-01,9999-12-31,1
1006,Melinda Jones,frankgray@watts.com,East,2023-01-01,9999-12-31,1
1007,Andrew Stewart,clarksherri@hotmail.com,East,2023-01-01,9999-12-31,1
1008,Matthew Foster,josephwright@hotmail.com,South,2023-01-01,9999-12-31,1
1009,Nicole Patterson,jeffrey28@yahoo.com,East,2023-01-01,9999-12-31,1
1010,Anthony Rodriguez,ycarlson@carlson-mcdonald.com,East,2023-01-01,9999-12-31,1
1011,Shannon Smith,kayla51@graham-chavez.com,East,2023-01-01,9999-12-31,1
1012,Pamela Romero,meagan89@hernandez.net,West,2023-01-01,9999-12-31,1
1013,Tammy Sellers,xsmith@yahoo.com,West,2023-01-01,9999-12-31,1
1014,David Bradley,dennislisa@cannon.net,East,2023-01-01,9999-12-31,1
1015,Joseph Obrien,jenniferross@santos.com,West,2023-01-01,9999-12-31,1
1016,Austin Smith,adrianzimmerman@perez.com,South,2023-01-01,9999-12-31,1
1017,David Caldwell,jenniferkhan@kennedy.com,West,2023-01-01,9999-12-31,1
1018,Matthew Gomez,dshields@hotmail.com,South,2023-01-01,9999-12-31,1
1019,Maria Brown,wrightjames@yahoo.com,North,2023-01-01,9999-12-31,1
1020,Clifford Ford,jmorton@williams.com,East,2023-01-01,9999-12-31,1
1021,Tammy Allison,ntucker@barrera-martin.com,West,2023-01-01,9999-12-31,1
1022,Mrs. Rachel Gibson,smoore@gmail.com,South,2023-01-01,9999-12-31,1
1023,Lauren Daniels,williamsthomas@hotmail.com,North,2023-01-01,9999-12-31,1
1024,Tyler Miller,larsonemma@powell.com,North,2023-01-01,9999-12-31,1
1025,Amanda Miller,james53@yahoo.com,West,2023-01-01,9999-12-31,1
1026,Michael Evans,smithchristine@hotmail.com,West,2023-01-01,9999-12-31,1
1027,Angel Lewis MD,suarezmike@gmail.com,North,2023-01-01,9999-12-31,1
1028,Joshua Turner,sarah12@wilson-rodriguez.net,East,2023-01-01,9999-12-31,1
1029,Douglas Clark,gracefarrell@hotmail.com,East,2023-01-01,9999-12-31,1
1030,Taylor Mathis Jr.,bradley52@hotmail.com,South,2023-01-01,9999-12-31,1
1031,Candice Ramos,rodriguezsierra@hotmail.com,East,2023-01-01,9999-12-31,1
1032,Kimberly Davenport,tanderson@nolan-flynn.com,North,2023-01-01,9999-12-31,1
1033,Christine Wright,kimberly69@moore.com,North,2023-01-01,9999-12-31,1
1034,Allison Doyle,vpham@gmail.com,North,2023-01-01,9999-12-31,1
1035,Richard Rodriguez,dwalker@torres-pope.com,East,2023-01-01,9999-12-31,1
1036,Matthew Ross,rasmussenjoshua@hotmail.com,South,2023-01-01,9999-12-31,1
1037,Meghan Anthony,wilsontara@gmail.com,East,2023-01-01,9999-12-31,1
1038,Victoria Johnson,jessica56@hotmail.com,South,2023-01-01,9999-12-31,1
1039,Mrs. Stephanie Lee,zsmith@mcdaniel.com,East,2023-01-01,9999-12-31,1
1040,Benjamin Beck,elizabeth14@hotmail.com,North,2023-01-01,9999-12-31,1
1041,Jason Powell,jamesortega@yahoo.com,North,2023-01-01,9999-12-31,1
1042,Stephanie Gilbert,akelley@yahoo.com,West,2023-01-01,9999-12-31,1
1043,Jeffrey Carpenter,rramos@gmail.com,East,2023-01-01,9999-12-31,1
1044,Rebecca Moyer,campbellelizabeth@rogers.com,East,2023-01-01,9999-12-31,1
1045,Curtis Johnson,xcarr@gibson.org,West,2023-01-01,9999-12-31,1
1046,Michael Snyder,dianasmith@osborne.com,North,2023-01-01,9999-12-31,1
1047,Melissa Marshall,bryantlaurie@schmidt.info,East,2023-01-01,9999-12-31,1
1048,Michelle Wagner,juliawells@yahoo.com,West,2023-01-01,9999-12-31,1
1049,Sara Ramirez,joshuajones@yahoo.com,East,2023-01-01,9999-12-31,1
1050,George Orozco,edwardreyes@mccarthy.biz,South,2023-01-01,9999-12-31,1
1051,Joshua Perry,xprice@shah.org,North,2023-01-01,9999-12-31,1
1052,Aaron Bell,vmedina@hotmail.com,South,2023-01-01,9999-12-31,1
1053,Stephanie Freeman,ytucker@yahoo.com,North,2023-01-01,9999-12-31,1
1054,Rebecca Ramsey,tinaferguson@yahoo.com,West,2023-01-01,9999-12-31,1
1055,Mary Miller,michellewhite@yahoo.com,North,2023-01-01,9999-12-31,1
1056,Daniel Murphy,karen64@gmail.com,North,2023-01-01,9999-12-31,1
1057,Paul Williams,debraharrington@hotmail.com,West,2023-01-01,9999-12-31,1
1058,Andre Wright,johnwells@elliott.info,North,2023-01-01,9999-12-31,1
1059,Pamela Jackson,tamirodriguez@hickman.biz,East,2023-01-01,9999-12-31,1
1060,Miguel Jones,terrykevin@burke.com,West,2023-01-01,9999-12-31,1
1061,Jeffrey Wood,atkinsonlynn@gmail.com,West,2023-01-01,9999-12-31,1
1062,Jack Snow,ryangross@hotmail.com,West,2023-01-01,9999-12-31,1
1063,Robert Medina,ugraham@hotmail.com,South,2023-01-01,9999-12-31,1
1064,Samuel Rivas,nicole37@bishop.com,South,2023-01-01,9999-12-31,1
1065,Daniel Salinas,nicole48@gmail.com,North,2023-01-01,9999-12-31,1
1066,Cheryl Allen,ppeters@hotmail.com,West,2023-01-01,9999-12-31,1
1067,Michael West,phillipsrichard@torres.com,North,2023-01-01,9999-12-31,1
1068,Joseph Coleman,jacqueline44@yahoo.com,East,2023-01-01,9999-12-31,1
1069,Nathan Stewart,javierwashington@lawrence.com,West,2023-01-01,9999-12-31,1
1070,Elizabeth Ward,ericksondavid@gmail.com,East,2023-01-01,9999-12-31,1
1071,Kristen Terry,agarcia@mitchell.com,North,2023-01-01,9999-12-31,1
1072,Scott Wilson,kvasquez@parks.com,South,2023-01-01,9999-12-31,1
1073,David Grant,kimberlyjames@yahoo.com,North,2023-01-01,9999-12-31,1
1074,Kevin Patterson,mezajared@baker.com,East,2023-01-01,9999-12-31,1
1075,Juan Moore,enorris@yahoo.com,West,2023-01-01,9999-12-31,1
1076,Dwayne Campbell,mcdanielsandra@hotmail.com,North,2023-01-01,9999-12-31,1
1077,Regina Gonzalez,deborahkerr@jones.com,West,2023-01-01,9999-12-31,1
1078,Samantha Morse,harrisonkevin@yahoo.com,South,2023-01-01,9999-12-31,1
1079,Kathryn Snyder,prestonjessica@wright.org,South,2023-01-01,9999-12-31,1
1080,Alicia Hubbard,hinesgregory@hotmail.com,South,2023-01-01,9999-12-31,1
1081,Sydney White,ecosta@yahoo.com,West,2023-01-01,9999-12-31,1
1082,Frank Garcia,robert74@landry.info,North,2023-01-01,9999-12-31,1
1083,David Wilson,sandovalamy@yahoo.com,West,2023-01-01,9999-12-31,1
1084,Joseph Dean,nwolf@yahoo.com,West,2023-01-01,9999-12-31,1
1085,Tanya Kim,johnsoncrystal@gmail.com,North,2023-01-01,9999-12-31,1
1086,Emily Smith,walkermaureen@gmail.com,South,2023-01-01,9999-12-31,1
1087,Bruce Collier,william46@yahoo.com,South,2023-01-01,9999-12-31,1
1088,Mrs. Kristen Reyes,hillkristy@morgan-french.com,North,2023-01-01,9999-12-31,1
1089,Diane Evans,seanwashington@yahoo.com,West,2023-01-01,9999-12-31,1
1090,Kimberly Gibson,tinaallen@yahoo.com,West,2023-01-01,9999-12-31,1
1091,Reginald Williams,qhughes@hotmail.com,South,2023-01-01,9999-12-31,1
1092,Mrs. Amanda Shaw,sawyerscott@hotmail.com,East,2023-01-01,9999-12-31,1
1093,Alexis Thomas,harrisontanya@hanson-sanders.com,East,2023-01-01,9999-12-31,1
1094,Sarah Villarreal,courtney78@gmail.com,East,2023-01-01,9999-12-31,1
1095,Cynthia Cohen,juliehamilton@gmail.com,West,2023-01-01,9999-12-31,1
1096,Michele Garcia,rebecca05@carter.biz,West,2023-01-01,9999-12-31,1
1097,Joseph Knight,gregorylynch@harvey-allen.org,South,2023-01-01,9999-12-31,1
1098,Joel King,nolansteven@yahoo.com,East,2023-01-01,9999-12-31,1
1099,Brooke Alexander,danielle64@yahoo.com,South,2023-01-01,9999-12-31,1
1100,Christina Cruz,youngashley@hotmail.com,South,2023-01-01,9999-12-31,1
1101,Michael Johnson,alan09@hotmail.com,South,2023-01-01,9999-12-31,1
1102,Tanner Mitchell DDS,danaoliver@hotmail.com,North,2023-01-01,9999-12-31,1
1103,Patricia Becker,bergerdebbie@kramer-johnson.com,East,2023-01-01,9999-12-31,1
1104,Ann Phillips,jamesbuchanan@yahoo.com,East,2023-01-01,9999-12-31,1
1105,Susan Rivas,scoffey@hotmail.com,North,2023-01-01,9999-12-31,1
1106,Regina Mcdonald,karenperez@ramsey.net,North,2023-01-01,9999-12-31,1
1107,Richard Smith,vrichardson@baker.com,East,2023-01-01,9999-12-31,1
1108,David Johnson,deborahreid@yahoo.com,North,2023-01-01,9999-12-31,1
1109,Elizabeth Ortiz,shahkevin@wilson-young.net,South,2023-01-01,9999-12-31,1
1110,Jesse Santiago,nicolepena@yahoo.com,West,2023-01-01,9999-12-31,1
1111,Teresa Ramirez,scottsampson@yahoo.com,South,2023-01-01,9999-12-31,1
1112,Michael Stephens,sandersjames@gmail.com,East,2023-01-01,9999-12-31,1
1113,Samantha Davis,williamsmatthew@buchanan.com,North,2023-01-01,9999-12-31,1
1114,Kristen Willis,kim90@garrison-thomas.com,West,2023-01-01,9999-12-31,1
1115,Rebecca Rodriguez,alexistyler@chapman.com,East,2023-01-01,9999-12-31,1
1116,Cameron Fisher,alvarezkimberly@wheeler.org,North,2023-01-01,9999-12-31,1
1117,Richard Camacho,bschneider@gmail.com,West,2023-01-01,9999-12-31,1
1118,Dr. Jessica Rodriguez DDS,lammarc@gmail.com,West,2023-01-01,9999-12-31,1
1119,Donald Schultz,hvang@yahoo.com,North,2023-01-01,9999-12-31,1
1120,Larry Garcia,russellbeasley@morgan-chavez.biz,West,2023-01-01,9999-12-31,1
1121,Emily Edwards,stephanie71@gmail.com,East,2023-01-01,9999-12-31,1
1122,Anna Davis,angelawillis@hotmail.com,North,2023-01-01,9999-12-31,1
1123,Meagan Jenkins,schmittcaroline@yahoo.com,South,2023-01-01,9999-12-31,1
1124,Jordan Moore,melaniebell@hotmail.com,East,2023-01-01,9999-12-31,1
1125,Phillip Andrews,lynchdiane@hotmail.com,East,2023-01-01,9999-12-31,1
1126,Christopher Park,michael22@hotmail.com,North,2023-01-01,9999-12-31,1
1127,Andrea Figueroa,reesejason@chavez-moore.com,North,2023-01-01,9999-12-31,1
1128,Paula Bradley,moorekaren@craig.info,West,2023-01-01,9999-12-31,1
1129,Karla Ramos,kariwilson@yahoo.com,East,2023-01-01,9999-12-31,1
1130,Michael Watkins,walkertracey@gmail.com,West,2023-01-01,9999-12-31,1
1131,Eric Clark,keith10@burgess-thompson.biz,East,2023-01-01,9999-12-31,1
1132,Crystal Hansen,sandersjudy@yahoo.com,East,2023-01-01,9999-12-31,1
1133,Thomas Atkins,amckinney@yahoo.com,South,2023-01-01,9999-12-31,1
1134,Alex Nguyen,christopher13@yahoo.com,East,2023-01-01,9999-12-31,1
1135,Kelly Foster,jeffrey21@hotmail.com,West,2023-01-01,9999-12-31,1
1136,Kerry Lee,jessica23@gmail.com,West,2023-01-01,9999-12-31,1
1137,Craig Morrison,stephanieburton@webster-wolf.info,South,2023-01-01,9999-12-31,1
1138,Sonia Day,edward17@yahoo.com,West,2023-01-01,9999-12-31,1
1139,Rebecca Vargas,collinsshannon@gmail.com,North,2023-01-01,9999-12-31,1
1140,Dustin Newman,jford@huang.com,South,2023-01-01,9999-12-31,1
1141,John Hernandez,vgarcia@miller.info,West,2023-01-01,9999-12-31,1
1142,Kelly Bishop MD,vortiz@hotmail.com,West,2023-01-01,9999-12-31,1
1143,Rachel Holland,cody64@cummings-douglas.org,North,2023-01-01,9999-12-31,1
1144,Felicia Aguilar,kyle62@fletcher.com,South,2023-01-01,9999-12-31,1
1145,Meagan Calderon,bromero@parker-bean.com,North,2023-01-01,9999-12-31,1
1146,Katelyn Perez,chrisrichard@romero.net,South,2023-01-01,9999-12-31,1
1147,George Miranda,lmoore@wise.info,South,2023-01-01,9999-12-31,1
1148,Jackson Ball,karen73@hotmail.com,East,2023-01-01,9999-12-31,1
1149,Vincent Mueller,erika97@hammond-strickland.net,West,2023-01-01,9999-12-31,1
1150,Tracy Montoya,brett75@villa.com,West,2023-01-01,9999-12-31,1
1151,Phillip Nelson,odavis@wilkerson-arias.biz,East,2023-01-01,9999-12-31,1
1152,Jonathan Young,jeffrey51@santos.com,North,2023-01-01,9999-12-31,1
1153,Kaitlyn Guerra,fgilbert@gmail.com,East,2023-01-01,9999-12-31,1
1154,Ruben Dunn,parsonsjohn@gmail.com,West,2023-01-01,9999-12-31,1
1155,Jason Bauer,rodriguezrebecca@hotmail.com,West,2023-01-01,9999-12-31,1
1156,Lynn Andrews,ruben95@duncan.com,East,2023-01-01,9999-12-31,1
1157,Heather Ashley,cmarks@hughes.com,East,2023-01-01,9999-12-31,1
1158,Haley Quinn,dennis58@li-thompson.info,East,2023-01-01,9999-12-31,1
1159,Mrs. Catherine Taylor,carterbradley@gmail.com,West,2023-01-01,9999-12-31,1
1160,Emily Collins,wking@hotmail.com,East,2023-01-01,9999-12-31,1
1161,Howard Norman,david56@yahoo.com,East,2023-01-01,9999-12-31,1
1162,Stephanie Hughes,xholt@adams.biz,North,2023-01-01,9999-12-31,1
1163,Samantha Gardner,millerdonna@yahoo.com,East,2023-01-01,9999-12-31,1
1164,Mitchell Jackson,sergio59@yahoo.com,West,2023-01-01,9999-12-31,1
1165,William Gould,zcox@shelton.org,North,2023-01-01,9999-12-31,1
1166,Jessica Martinez,michael90@hernandez.info,South,2023-01-01,9999-12-31,1
1167,Laura Moreno,debra31@gmail.com,West,2023-01-01,9999-12-31,1
1168,Kathryn Hughes,kimberly73@mitchell.com,West,2023-01-01,9999-12-31,1
1169,Benjamin Thompson,cochrantammy@yahoo.com,South,2023-01-01,9999-12-31,1
1170,Michelle Pierce,melissa25@hotmail.com,West,2023-01-01,9999-12-31,1
1171,William Conner,jjohnson@wood.org,South,2023-01-01,9999-12-31,1
1172,Ana Sanders,khammond@gmail.com,South,2023-01-01,9999-12-31,1
1173,Evan Jones,david89@gmail.com,West,2023-01-01,9999-12-31,1
1174,Betty Shaw,holmeskevin@morris.com,East,2023-01-01,9999-12-31,1
1175,Todd Jacobson,james84@weber.net,East,2023-01-01,9999-12-31,1
1176,Martin Vargas,donnale@morgan.com,South,2023-01-01,9999-12-31,1
1177,Travis Wise,katiebutler@hotmail.com,North,2023-01-01,9999-12-31,1
1178,Stephen Gardner,zsanchez@hotmail.com,South,2023-01-01,9999-12-31,1
1179,Jesse Barker,dperry@peterson.com,South,2023-01-01,9999-12-31,1
1180,Emma Travis,xanderson@hotmail.com,South,2023-01-01,9999-12-31,1
1181,Emma Owens,gwright@gmail.com,East,2023-01-01,9999-12-31,1
1182,James Gilbert,lisapeck@edwards.net,East,2023-01-01,9999-12-31,1
1183,Shawn Jimenez,pwagner@aguilar.com,East,2023-01-01,9999-12-31,1
1184,Kyle Cameron,amanda16@gmail.com,South,2023-01-01,9999-12-31,1
1185,Monica Gallagher,moralesashley@gmail.com,North,2023-01-01,9999-12-31,1
1186,Dylan Hughes,marcia99@gmail.com,East,2023-01-01,9999-12-31,1
1187,Brent Brooks,kari39@hotmail.com,West,2023-01-01,9999-12-31,1
1188,Andrew Williams,jstone@hotmail.com,West,2023-01-01,9999-12-31,1
1189,Brenda Velazquez,phillipjensen@yahoo.com,West,2023-01-01,9999-12-31,1
1190,Katie Hicks,thomas05@yahoo.com,South,2023-01-01,9999-12-31,1
1191,Veronica Silva,pbaker@lane.com,West,2023-01-01,9999-12-31,1
1192,Michelle Hampton,lorraineallen@hotmail.com,South,2023-01-01,9999-12-31,1
1193,Ashley Smith,shernandez@gmail.com,West,2023-01-01,9999-12-31,1
1194,Reginald Knapp,aprilhoffman@mendoza.info,North,2023-01-01,9999-12-31,1
1195,Gloria Gomez,plee@yahoo.com,South,2023-01-01,9999-12-31,1
1196,Courtney Dudley,janet75@yahoo.com,West,2023-01-01,9999-12-31,1
1197,Timothy Pope,david86@yahoo.com,East,2023-01-01,9999-12-31,1
1198,Tina Ballard,robertsjennifer@yahoo.com,South,2023-01-01,9999-12-31,1
1199,Mary Burgess,marianelson@horton.org,East,2023-01-01,9999-12-31,1
1200,Anthony Stein,briangutierrez@kennedy.net,East,2023-01-01,9999-12-31,1
1201,Brooke Delgado,wsantos@yahoo.com,East,2023-01-01,9999-12-31,1
1202,Matthew Velez,amandasharp@gentry.biz,East,2023-01-01,9999-12-31,1
1203,Casey Gillespie,vlopez@yahoo.com,West,2023-01-01,9999-12-31,1
1204,Alexandra Bradley,justin88@small-anderson.net,West,2023-01-01,9999-12-31,1
1205,Corey Rodriguez,twong@smith.com,South,2023-01-01,9999-12-31,1
1206,Nicole Thompson,frobertson@yahoo.com,South,2023-01-01,9999-12-31,1
1207,Cathy Taylor,adamreyes@yahoo.com,South,2023-01-01,9999-12-31,1
1208,Tiffany Turner,desiree30@wilson.net,West,2023-01-01,9999-12-31,1
1209,Stacy Carrillo,michael33@mendoza.org,South,2023-01-01,9999-12-31,1
1210,Michael Durham,erinlarson@fox.com,East,2023-01-01,9999-12-31,1
1211,Justin Brown,franklinbond@wilson-harris.org,West,2023-01-01,9999-12-31,1
1212,Steven Griffin Jr.,dbryant@ford.biz,South,2023-01-01,9999-12-31,1
1213,Aaron Robinson,hendersonisabella@mcknight.info,East,2023-01-01,9999-12-31,1
1214,Jason Mack,victoria67@yahoo.com,South,2023-01-01,9999-12-31,1
1215,Michael Stanley,david86@anderson.com,North,2023-01-01,9999-12-31,1
1216,Julie Ball,pmorrow@yahoo.com,South,2023-01-01,9999-12-31,1
1217,Donald Pineda,pachecorobert@allen.com,North,2023-01-01,9999-12-31,1
1218,Jill Powers,joymorales@fernandez.com,South,2023-01-01,9999-12-31,1
1219,Donna Cabrera,joel28@gmail.com,South,2023-01-01,9999-12-31,1
1220,Donald Hawkins,dpeters@david-powers.net,West,2023-01-01,9999-12-31,1
1221,Jason Hernandez,karenwells@gmail.com,West,2023-01-01,9999-12-31,1
1222,Michael Shaffer,jfaulkner@anderson.com,North,2023-01-01,9999-12-31,1
1223,Sarah Davis,adamsemily@williams.org,West,2023-01-01,9999-12-31,1
1224,Kristin Mendoza,susan03@gmail.com,East,2023-01-01,9999-12-31,1
1225,Autumn Key,heatherpadilla@yahoo.com,East,2023-01-01,9999-12-31,1
1226,Kristen Rowe,wferguson@yahoo.com,North,2023-01-01,9999-12-31,1
1227,Jose Crawford,ugill@wood.com,East,2023-01-01,9999-12-31,1
1228,Connie Thomas,mphillips@yahoo.com,East,2023-01-01,9999-12-31,1
1229,Kelly Sanchez,kathryn77@yahoo.com,South,2023-01-01,9999-12-31,1
1230,Robert Jackson,sabrinaweaver@hotmail.com,West,2023-01-01,9999-12-31,1
1231,Kelly Combs,duranrobert@hall.net,East,2023-01-01,9999-12-31,1
1232,Antonio Little,ismith@hotmail.com,East,2023-01-01,9999-12-31,1
1233,Alan Bowen,shawheidi@yahoo.com,West,2023-01-01,9999-12-31,1
1234,Susan Rodriguez,johnharvey@ochoa-adams.biz,East,2023-01-01,9999-12-31,1
1235,Tyler Stevens,kevinclayton@valdez.com,East,2023-01-01,9999-12-31,1
1236,James Tran,warnerchristopher@newman-rivera.com,West,2023-01-01,9999-12-31,1
1237,Tamara Hall,brandon14@hotmail.com,South,2023-01-01,9999-12-31,1
1238,Amanda Mcfarland,alibrenda@hotmail.com,East,2023-01-01,9999-12-31,1
1239,Tanya Evans,irhodes@reyes-singh.com,West,2023-01-01,9999-12-31,1
1240,Valerie Brown,marypeterson@hotmail.com,East,2023-01-01,9999-12-31,1
1241,Jennifer Ayala,kristen77@kelly.biz,East,2023-01-01,9999-12-31,1
1242,Kevin James,jennifermiller@gmail.com,South,2023-01-01,9999-12-31,1
1243,Richard Moore,michael10@yahoo.com,North,2023-01-01,9999-12-31,1
1244,Philip Garcia,ryanhawkins@russell.com,North,2023-01-01,9999-12-31,1
1245,Rachel Shields,robert18@armstrong.biz,West,2023-01-01,9999-12-31,1
1246,Derrick Adams,jacksonjoshua@washington-jones.com,North,2023-01-01,9999-12-31,1
1247,Michelle Simpson,trodriguez@rush.org,West,2023-01-01,9999-12-31,1
1248,Scott Alexander,kevinmorrison@hotmail.com,North,2023-01-01,9999-12-31,1
1249,Ernest Oconnell,jessica79@gmail.com,South,2023-01-01,9999-12-31,1
1250,Douglas Hartman,frederickjames@hotmail.com,West,2023-01-01,9999-12-31,1
1251,Randall Johnson,samuelcarter@hotmail.com,North,2023-01-01,9999-12-31,1
1252,Ryan Pope,cynthiaallen@hotmail.com,South,2023-01-01,9999-12-31,1
1253,Jay Bennett,iaguilar@hotmail.com,North,2023-01-01,9999-12-31,1
1254,Sheila Barnes,jacqueline89@rocha.com,East,2023-01-01,9999-12-31,1
1255,Lonnie Hart,tammy61@gmail.com,East,2023-01-01,9999-12-31,1
1256,Daniel Burgess,dbrooks@chapman.com,South,2023-01-01,9999-12-31,1
1257,Mr. Thomas Miller,larry73@webb.info,East,2023-01-01,9999-12-31,1
1258,Eric Patrick,sweeneydeborah@marsh.net,East,2023-01-01,9999-12-31,1
1259,Christopher Castro,laurensoto@gmail.com,West,2023-01-01,9999-12-31,1
1260,Jessica Johnson,yvargas@bush.com,North,2023-01-01,9999-12-31,1
1261,Rhonda Brown,michaelgonzalez@baker.net,West,2023-01-01,9999-12-31,1
1262,Emily Price,baileymegan@hotmail.com,North,2023-01-01,9999-12-31,1
1263,Michael Mcbride,lawrenceallen@white.com,East,2023-01-01,9999-12-31,1
1264,Jennifer Taylor,olopez@hotmail.com,West,2023-01-01,9999-12-31,1
1265,Maria Cooke,lroberts@wilkinson-harvey.com,North,2023-01-01,9999-12-31,1
1266,Kari Lee,fortiz@yahoo.com,North,2023-01-01,9999-12-31,1
1267,Jill Jackson,kellyhill@roberts.info,West,2023-01-01,9999-12-31,1
1268,Ashley Wilson,wolfscott@gmail.com,South,2023-01-01,9999-12-31,1
1269,Ashley Greer PhD,colemichael@gmail.com,North,2023-01-01,9999-12-31,1
1270,Xavier Rowe,lisamatthews@callahan-bishop.biz,East,2023-01-01,9999-12-31,1
1271,Charles Clark,hudsonamanda@ryan.com,North,2023-01-01,9999-12-31,1
1272,Tiffany Robertson,sydneyfloyd@riddle.com,East,2023-01-01,9999-12-31,1
1273,Brandi Thomas,kathleenlowe@yahoo.com,West,2023-01-01,9999-12-31,1
1274,Mark Burton,yjones@gmail.com,North,2023-01-01,9999-12-31,1
1275,Paul Neal,uclements@hotmail.com,East,2023-01-01,9999-12-31,1
1276,Raymond Oconnor,melissa86@gmail.com,East,2023-01-01,9999-12-31,1
1277,Samantha Simpson,matthew92@hotmail.com,West,2023-01-01,9999-12-31,1
1278,Rachel Shannon,garciakristen@smith-noble.com,North,2023-01-01,9999-12-31,1
1279,Aaron Rubio,nicoleturner@davis-ward.com,North,2023-01-01,9999-12-31,1
1280,Steven Martin,jessica36@hotmail.com,West,2023-01-01,9999-12-31,1
1281,Brandon Lewis,brittneystone@smith-dominguez.com,North,2023-01-01,9999-12-31,1
1282,Jennifer Anderson MD,crosscurtis@yahoo.com,West,2023-01-01,9999-12-31,1
1283,Edwin Reyes,caseyelliott@santos.com,North,2023-01-01,9999-12-31,1
1284,Lisa Ramos,mosleydonald@lawrence.com,South,2023-01-01,9999-12-31,1
1285,Emily Taylor,wrightcarolyn@hotmail.com,North,2023-01-01,9999-12-31,1
1286,Peggy Vaughn,aprilhicks@hotmail.com,East,2023-01-01,9999-12-31,1
1287,Matthew Bowers,pcruz@little-jones.com,East,2023-01-01,9999-12-31,1
1288,Dr. Bonnie Valencia,amy27@gmail.com,South,2023-01-01,9999-12-31,1
1289,Austin Baker,fryraymond@fuller-mason.biz,North,2023-01-01,9999-12-31,1
1290,James Davidson,christopher18@mccann.net,East,2023-01-01,9999-12-31,1
1291,Kevin Hines,holly30@miller.com,East,2023-01-01,9999-12-31,1
1292,Lee Parker,smithderrick@martin.net,North,2023-01-01,9999-12-31,1
1293,Samantha Green,karamarks@hotmail.com,West,2023-01-01,9999-12-31,1
1294,Patricia Johnson,alexandria49@hotmail.com,North,2023-01-01,9999-12-31,1
1295,Jesse Ward,michaelscott@gmail.com,West,2023-01-01,9999-12-31,1
1296,Megan Wilson,trevinoalexander@ruiz.com,South,2023-01-01,9999-12-31,1
1297,Tyler Johnson,marcbutler@hotmail.com,South,2023-01-01,9999-12-31,1
1298,Roger Duncan,whitelinda@finley.info,East,2023-01-01,9999-12-31,1
1299,Patricia Collins,msmith@elliott-torres.org,East,2023-01-01,9999-12-31,1
1300,Jacob Bonilla,edwardrandolph@hall.com,East,2023-01-01,9999-12-31,1
1301,April Sandoval,harristonya@yahoo.com,West,2023-01-01,9999-12-31,1
1302,Anthony Shea DDS,morsephyllis@gutierrez.com,East,2023-01-01,9999-12-31,1
1303,Kathy Walsh,vargasbryan@hotmail.com,North,2023-01-01,9999-12-31,1
1304,Cynthia Green,vhaynes@yahoo.com,West,2023-01-01,9999-12-31,1
1305,Dillon Jones,kimberlyrichards@garcia.info,South,2023-01-01,9999-12-31,1
1306,Bryan Howard,qparker@davis.com,West,2023-01-01,9999-12-31,1
1307,Melissa Williams,christopherwright@yahoo.com,East,2023-01-01,9999-12-31,1
1308,Anthony Evans,cranemelissa@adkins.com,North,2023-01-01,9999-12-31,1
1309,Antonio Norman,jamesmorales@mccoy.com,North,2023-01-01,9999-12-31,1
1310,Angela Osborn,flamb@martinez-dunlap.com,East,2023-01-01,9999-12-31,1
1311,Kenneth Underwood,rjohnson@yahoo.com,North,2023-01-01,9999-12-31,1
1312,Daniel Lopez,cstephenson@hotmail.com,West,2023-01-01,9999-12-31,1
1313,Danielle Phillips,rbrown@yahoo.com,West,2023-01-01,9999-12-31,1
1314,Curtis Wilkerson,mayokimberly@castillo-harrington.com,East,2023-01-01,9999-12-31,1
1315,Kathryn Price,floresjeffery@brown-frey.net,North,2023-01-01,9999-12-31,1
1316,Kevin Hall,wrightjohn@velasquez.com,South,2023-01-01,9999-12-31,1
1317,Vickie Price,joelstewart@wolfe.com,West,2023-01-01,9999-12-31,1
1318,Kristy Hart,lweaver@johnson-brown.org,West,2023-01-01,9999-12-31,1
1319,Joseph Smith,matthewthompson@brown-hernandez.com,West,2023-01-01,9999-12-31,1
1320,Sarah Valencia,janet69@rogers.com,West,2023-01-01,9999-12-31,1
1321,Morgan Kim,grant89@yahoo.com,South,2023-01-01,9999-12-31,1
1322,Kevin Thompson,david09@yahoo.com,East,2023-01-01,9999-12-31,1
1323,Patricia Bradley,samantha93@cunningham.com,West,2023-01-01,9999-12-31,1
1324,William Jackson,sean43@steele.com,North,2023-01-01,9999-12-31,1
1325,Michelle Williams,acosta@yahoo.com,South,2023-01-01,9999-12-31,1
1326,Heather Bennett,franciscojones@gmail.com,West,2023-01-01,9999-12-31,1
1327,Fernando Lynn,george62@jones.com,North,2023-01-01,9999-12-31,1
1328,Lisa Webb,kdunlap@preston.com,West,2023-01-01,9999-12-31,1
1329,Jennifer Spencer,kenneth10@yahoo.com,East,2023-01-01,9999-12-31,1
1330,Sara Hernandez,pattersonkelly@hotmail.com,South,2023-01-01,9999-12-31,1
1331,Karen Davis,daniellerowland@anthony-parker.biz,East,2023-01-01,9999-12-31,1
1332,Steven Baker,nathanjames@gmail.com,South,2023-01-01,9999-12-31,1
1333,Dennis Marshall,anne21@barnett.biz,West,2023-01-01,9999-12-31,1
1334,Leah Spencer,rsheppard@yahoo.com,West,2023-01-01,9999-12-31,1
1335,Cynthia Evans,shawrachel@hotmail.com,South,2023-01-01,9999-12-31,1
1336,Lisa Martinez,stacyjackson@gmail.com,North,2023-01-01,9999-12-31,1
1337,Beth Henderson,wendyburton@hotmail.com,North,2023-01-01,9999-12-31,1
1338,Thomas Sloan,hughesray@gates-stone.com,West,2023-01-01,9999-12-31,1
1339,Lisa Mills,perryeddie@hotmail.com,West,2023-01-01,9999-12-31,1
1340,Traci Garcia,floydmikayla@humphrey-baker.info,East,2023-01-01,9999-12-31,1
1341,Kara Jackson,christinebecker@yahoo.com,West,2023-01-01,9999-12-31,1
1342,Steve Rivera,reesesamantha@smith-roth.com,South,2023-01-01,9999-12-31,1
1343,Ryan Garrison,dennismccann@schroeder-flores.biz,North,2023-01-01,9999-12-31,1
1344,Ann Alexander,xmalone@gmail.com,North,2023-01-01,9999-12-31,1
1345,Caitlin Collins,kimberlywarren@hotmail.com,East,2023-01-01,9999-12-31,1
1346,Corey Whitaker,antoniowilliams@bush-hill.info,North,2023-01-01,9999-12-31,1
1347,Madison Martinez,nathanwheeler@horne.org,North,2023-01-01,9999-12-31,1
1348,Hailey Monroe,mitchellpaul@gmail.com,South,2023-01-01,9999-12-31,1
1349,Penny Lewis,ericaadams@palmer-hancock.com,North,2023-01-01,9999-12-31,1
1350,Carlos Thompson,johnnytrujillo@marquez-fletcher.com,East,2023-01-01,9999-12-31,1
1351,James Bailey,stevenbyrd@hotmail.com,East,2023-01-01,9999-12-31,1
1352,Brian Hunt,kenneth17@gmail.com,North,2023-01-01,9999-12-31,1
1353,Donald Nguyen,diana43@gmail.com,West,2023-01-01,9999-12-31,1
1354,Cynthia Brown,erin07@yahoo.com,North,2023-01-01,9999-12-31,1
1355,Jason Price,matthewreeves@nichols.com,East,2023-01-01,9999-12-31,1
1356,Sarah Pittman,connor24@stokes.com,East,2023-01-01,9999-12-31,1
1357,Courtney Walker,vfrench@yahoo.com,South,2023-01-01,9999-12-31,1
1358,Edward York,delacruzbrandy@hotmail.com,North,2023-01-01,9999-12-31,1
1359,Steve Mason,robert22@gmail.com,North,2023-01-01,9999-12-31,1
1360,William Orozco,lesliebaldwin@gmail.com,South,2023-01-01,9999-12-31,1
1361,Mr. Christopher Walters,whill@johnston.info,East,2023-01-01,9999-12-31,1
1362,Penny Anderson,epowell@yahoo.com,South,2023-01-01,9999-12-31,1
1363,Joseph Cross,katherine83@rhodes.com,West,2023-01-01,9999-12-31,1
1364,Shawn Collins,tgordon@brown.com,North,2023-01-01,9999-12-31,1
1365,Joy Meyer,ibarron@yahoo.com,East,2023-01-01,9999-12-31,1
1366,Katherine Christensen MD,perezjessica@gmail.com,South,2023-01-01,9999-12-31,1
1367,Alex Wagner,jennifer06@scott.com,East,2023-01-01,9999-12-31,1
1368,Martha Smith,hwallace@king.com,West,2023-01-01,9999-12-31,1
1369,Matthew Bates,robertroach@hotmail.com,North,2023-01-01,9999-12-31,1
1370,Autumn Wilson,mgonzalez@decker-dudley.com,South,2023-01-01,9999-12-31,1
1371,Elizabeth Williams,haleycastillo@gmail.com,East,2023-01-01,9999-12-31,1
1372,Michael Meadows,stacychan@gmail.com,North,2023-01-01,9999-12-31,1
1373,Ashley Scott,shinton@marshall-garcia.com,North,2023-01-01,9999-12-31,1
1374,Sarah Ward,grodgers@gmail.com,East,2023-01-01,9999-12-31,1
1375,Charles Holland,patricia94@hotmail.com,North,2023-01-01,9999-12-31,1
1376,Robert White,rrivers@yahoo.com,North,2023-01-01,9999-12-31,1
1377,Karen Fisher,andersonjessica@garcia.info,South,2023-01-01,9999-12-31,1
1378,Meghan White,cheryl27@yahoo.com,North,2023-01-01,9999-12-31,1
1379,Jason Williams,alexander89@hotmail.com,South,2023-01-01,9999-12-31,1
1380,Vanessa Santiago,reynoldsjessica@yahoo.com,North,2023-01-01,9999-12-31,1
1381,Michael Cruz,schneidereric@christian-booth.com,West,2023-01-01,9999-12-31,1
1382,Erica Rivera,hunterandrea@yahoo.com,West,2023-01-01,9999-12-31,1
1383,David Stevens,gatessergio@gmail.com,South,2023-01-01,9999-12-31,1
1384,Dr. Alicia Powell,petersenlatoya@walsh.info,South,2023-01-01,9999-12-31,1
1385,Heidi Brown,xrivera@greene.info,West,2023-01-01,9999-12-31,1
1386,Peter Walker,maria48@hotmail.com,North,2023-01-01,9999-12-31,1
1387,Brian Prince,lydianewton@yahoo.com,South,2023-01-01,9999-12-31,1
1388,Levi Lopez,stephenharrington@hotmail.com,East,2023-01-01,9999-12-31,1
1389,Peter Williams,lellis@taylor.com,North,2023-01-01,9999-12-31,1
1390,Jessica Richards,jessicaanderson@sandoval-obrien.com,North,2023-01-01,9999-12-31,1
1391,Janice Petty,raymond54@ballard-taylor.org,West,2023-01-01,9999-12-31,1
1392,Nicole Evans,jamesweber@yahoo.com,South,2023-01-01,9999-12-31,1
1393,Tammy Anderson,jennifer58@aguilar-bender.biz,North,2023-01-01,9999-12-31,1
1394,Stephanie Ferguson,millsanthony@gmail.com,South,2023-01-01,9999-12-31,1
1395,Anthony Adams,frances20@mueller.com,South,2023-01-01,9999-12-31,1
1396,Ashley Parrish,yyoung@roberts.biz,South,2023-01-01,9999-12-31,1
1397,Richard Jennings,manningjames@greer-pruitt.com,West,2023-01-01,9999-12-31,1
1398,Kimberly Morrison,shane12@moss.biz,South,2023-01-01,9999-12-31,1
1399,Douglas Baker,adam72@hernandez.org,West,2023-01-01,9999-12-31,1
1400,Timothy Gilbert,jtyler@yahoo.com,East,2023-01-01,9999-12-31,1
1401,Michael Fox,hartmanerik@herrera.com,North,2023-01-01,9999-12-31,1
1402,Erin Carter,wilsonmichael@gmail.com,North,2023-01-01,9999-12-31,1
1403,Lisa Oliver,patrick16@fernandez-campbell.net,East,2023-01-01,9999-12-31,1
1404,Jaime Lang,pwilliams@gmail.com,West,2023-01-01,9999-12-31,1
1405,Bradley Davis,clarkcrystal@hancock.com,North,2023-01-01,9999-12-31,1
1406,Ronald Johns,burgesseric@yahoo.com,West,2023-01-01,9999-12-31,1
1407,Amanda Jones,angela93@russell-hayes.biz,West,2023-01-01,9999-12-31,1
1408,Alan Nunez,avilabrenda@charles.com,West,2023-01-01,9999-12-31,1
1409,Elizabeth Miller,qfoster@gmail.com,East,2023-01-01,9999-12-31,1
1410,Joseph Taylor,susan24@hotmail.com,East,2023-01-01,9999-12-31,1
1411,Traci Camacho,spencerangela@gmail.com,West,2023-01-01,9999-12-31,1
1412,Kenneth Long,jason53@whitehead-york.com,South,2023-01-01,9999-12-31,1
1413,Daniel Davenport,whitelauren@york.info,East,2023-01-01,9999-12-31,1
1414,Angel Powers,gonzalezbeverly@yahoo.com,South,2023-01-01,9999-12-31,1
1415,Michael Young,mcculloughlouis@yahoo.com,South,2023-01-01,9999-12-31,1
1416,Matthew Steele,lindsey62@edwards.biz,West,2023-01-01,9999-12-31,1
1417,Ian Frazier,wford@yahoo.com,South,2023-01-01,9999-12-31,1
1418,Mr. Matthew Miller,patriciagonzalez@hotmail.com,South,2023-01-01,9999-12-31,1
1419,Angela Jones,hessbeth@lewis.net,South,2023-01-01,9999-12-31,1
1420,Reginald Diaz,dennis88@sanders.com,West,2023-01-01,9999-12-31,1
1421,Sarah Drake,seanwhite@hopkins.info,West,2023-01-01,9999-12-31,1
1422,Amanda Juarez,bakerjim@clark.info,East,2023-01-01,9999-12-31,1
1423,Sierra Williams,padillaadrienne@yahoo.com,East,2023-01-01,9999-12-31,1
1424,Deborah Stephens,xvaldez@valdez.biz,South,2023-01-01,9999-12-31,1
1425,Courtney Sullivan,msparks@gmail.com,West,2023-01-01,9999-12-31,1
1426,Brenda Martin,jason22@guzman-montoya.com,West,2023-01-01,9999-12-31,1
1427,Gary Wilson,kclark@hotmail.com,South,2023-01-01,9999-12-31,1
1428,Alison Williams,crystalwilliams@thomas.net,East,2023-01-01,9999-12-31,1
1429,Linda Elliott,stacey37@haney.biz,West,2023-01-01,9999-12-31,1
1430,Rebecca Hoover,gary57@garza.com,East,2023-01-01,9999-12-31,1
1431,Joseph Blankenship,catherinethompson@hotmail.com,South,2023-01-01,9999-12-31,1
1432,Sherry Schmidt,olsondavid@ryan.biz,West,2023-01-01,9999-12-31,1
1433,Jacqueline Williams,shawnaolson@yahoo.com,South,2023-01-01,9999-12-31,1
1434,Robert Velez,eanderson@kent.com,North,2023-01-01,9999-12-31,1
1435,Kimberly Scott,lanedavid@brooks.com,South,2023-01-01,9999-12-31,1
1436,Brian Simmons,melissa69@yahoo.com,South,2023-01-01,9999-12-31,1
1437,Wendy Sanders,jarnold@white-hansen.info,South,2023-01-01,9999-12-31,1
1438,Eric Cooper,melissahopkins@hotmail.com,West,2023-01-01,9999-12-31,1
1439,Richard Avery,williamhartman@mendez.biz,South,2023-01-01,9999-12-31,1
1440,Abigail Davis,bfrost@brown.com,South,2023-01-01,9999-12-31,1
1441,Andrew Cruz,jennifer90@gmail.com,North,2023-01-01,9999-12-31,1
1442,Jessica Harris,arthurgreene@hotmail.com,West,2023-01-01,9999-12-31,1
1443,Lisa Craig,dianacantrell@gmail.com,North,2023-01-01,9999-12-31,1
1444,Penny Gomez MD,mclaughlincasey@dunn.net,South,2023-01-01,9999-12-31,1
1445,Hannah Richmond,catherinelee@yahoo.com,West,2023-01-01,9999-12-31,1
1446,Debbie Russell,gordonmatthew@pratt.net,North,2023-01-01,9999-12-31,1
1447,Laura Benson,wcarrillo@yahoo.com,South,2023-01-01,9999-12-31,1
1448,Judy Murray,ewilson@schultz-gamble.com,East,2023-01-01,9999-12-31,1
1449,Jennifer Gomez,john16@goodman.com,North,2023-01-01,9999-12-31,1
1450,Hayden Shannon,staceyvega@gmail.com,West,2023-01-01,9999-12-31,1
1451,Mr. Nicolas Salas II,marykelly@wilson.info,North,2023-01-01,9999-12-31,1
1452,Pamela Weaver,uwatson@villanueva-ibarra.org,North,2023-01-01,9999-12-31,1
1453,Katherine Joyce,kwalker@gmail.com,North,2023-01-01,9999-12-31,1
1454,Robert Mendoza,phillip27@wolfe.com,East,2023-01-01,9999-12-31,1
1455,Alexandra Clark,michael42@baker.com,West,2023-01-01,9999-12-31,1
1456,Jonathan Clark,melissa47@gmail.com,West,2023-01-01,9999-12-31,1
1457,Veronica Parks,linda86@gonzalez-marsh.com,West,2023-01-01,9999-12-31,1
1458,Adam Fisher,kristen44@garrison.com,South,2023-01-01,9999-12-31,1
1459,Robert Woods,qgarner@ward-grant.com,West,2023-01-01,9999-12-31,1
1460,Jason Bell,tiffanymitchell@nunez-freeman.info,West,2023-01-01,9999-12-31,1
1461,Jane Mitchell,daniellemcfarland@welch-duncan.com,East,2023-01-01,9999-12-31,1
1462,Greg Edwards,catherine64@yahoo.com,South,2023-01-01,9999-12-31,1
1463,Teresa Adkins,bjackson@gmail.com,South,2023-01-01,9999-12-31,1
1464,Mary Shepard,garrettgarcia@zuniga.net,North,2023-01-01,9999-12-31,1
1465,Randy Warren,bakereric@huynh.com,South,2023-01-01,9999-12-31,1
1466,Cameron Rose,johnsonmichael@lin-mcdonald.net,South,2023-01-01,9999-12-31,1
1467,Kimberly Taylor,owelch@graham.com,East,2023-01-01,9999-12-31,1
1468,Mr. Brandon Parker,eric00@hotmail.com,West,2023-01-01,9999-12-31,1
1469,Sarah Cooper,wattstravis@yahoo.com,South,2023-01-01,9999-12-31,1
1470,Ralph Yates,kelleyjacob@kim.biz,South,2023-01-01,9999-12-31,1
1471,Connie Miller,justin84@lopez-jones.com,East,2023-01-01,9999-12-31,1
1472,Mark Williamson,blopez@gmail.com,South,2023-01-01,9999-12-31,1
1473,Joseph Lopez,joseph70@davis.info,South,2023-01-01,9999-12-31,1
1474,Jason Floyd,steven05@gmail.com,East,2023-01-01,9999-12-31,1
1475,Tiffany Brown,danielshunter@yahoo.com,North,2023-01-01,9999-12-31,1
1476,Sandra Martinez,cwise@rojas.com,North,2023-01-01,9999-12-31,1
1477,Ray Boyd,tprice@moore-chandler.net,South,2023-01-01,9999-12-31,1
1478,Dawn Little,paige31@chen.com,South,2023-01-01,9999-12-31,1
1479,Donald Wilson,novakbianca@alvarez.com,West,2023-01-01,9999-12-31,1
1480,Jonathan Parks,browndeanna@hotmail.com,South,2023-01-01,9999-12-31,1
1481,Ashley Freeman,linda73@gmail.com,West,2023-01-01,9999-12-31,1
1482,Heather Taylor,jmann@daniels-henry.org,North,2023-01-01,9999-12-31,1
1483,Gregory Oconnor,caseymoore@yahoo.com,South,2023-01-01,9999-12-31,1
1484,Kimberly Gibson,nicoleharvey@yahoo.com,South,2023-01-01,9999-12-31,1
1485,Cynthia Le,alexandriajimenez@hotmail.com,East,2023-01-01,9999-12-31,1
1486,Douglas Ortiz,davisdonna@gmail.com,South,2023-01-01,9999-12-31,1
1487,Beverly Russo,washingtoncorey@may.org,North,2023-01-01,9999-12-31,1
1488,Dawn Diaz,conradjason@hebert-collier.info,South,2023-01-01,9999-12-31,1
1489,Amy Grant,laura09@yahoo.com,West,2023-01-01,9999-12-31,1
1490,Morgan Davenport,susandavis@hall.com,South,2023-01-01,9999-12-31,1
1491,Theresa Hansen,mirandabarbara@hotmail.com,West,2023-01-01,9999-12-31,1
1492,Maurice Andrade,andreawagner@moore.com,East,2023-01-01,9999-12-31,1
1493,Krista Shea,bduran@hotmail.com,South,2023-01-01,9999-12-31,1
1494,David Gardner,michael77@yahoo.com,East,2023-01-01,9999-12-31,1
1495,Andrew Mitchell,victoriaturner@joyce-lewis.com,East,2023-01-01,9999-12-31,1
1496,Rodney Norris,clintonstevens@gmail.com,South,2023-01-01,9999-12-31,1
1497,Jacob Perkins,lisa19@carroll-robinson.com,West,2023-01-01,9999-12-31,1
1498,Rebecca Thompson,benjamin96@deleon.com,South,2023-01-01,9999-12-31,1
1499,Jessica Conrad,julieatkinson@walters.biz,West,2023-01-01,9999-12-31,1
1500,Joseph Flores,wayne32@nunez.info,East,2023-01-01,9999-12-31,1
1501,Laura Davis,kristie22@yahoo.com,North,2023-01-01,9999-12-31,1
1502,Kenneth Williams,christopher86@hotmail.com,South,2023-01-01,9999-12-31,1
1503,Chad Hansen,mpearson@hotmail.com,North,2023-01-01,9999-12-31,1
1504,Nancy Sanchez,kimberly59@rodriguez.biz,West,2023-01-01,9999-12-31,1
1505,Connor Cooper,gary59@hanson-alexander.com,South,2023-01-01,9999-12-31,1
1506,James Todd,singhjohn@mcintosh.com,North,2023-01-01,9999-12-31,1
1507,Robert Torres,riverajody@gmail.com,North,2023-01-01,9999-12-31,1
1508,Joseph Green,heatherbarnett@yahoo.com,South,2023-01-01,9999-12-31,1
1509,Mary Williams,campbellkristina@nelson.com,North,2023-01-01,9999-12-31,1
1510,Devon Christian,smithmichelle@hotmail.com,South,2023-01-01,9999-12-31,1
1511,William Romero,todd98@lopez.info,North,2023-01-01,9999-12-31,1
1512,Michelle Williams,tracy20@yahoo.com,East,2023-01-01,9999-12-31,1
1513,Heather Turner,garrettnatasha@gmail.com,South,2023-01-01,9999-12-31,1
1514,Tiffany Perez,fsandoval@hotmail.com,East,2023-01-01,9999-12-31,1
1515,Tyler Salazar,jallen@waller-browning.com,East,2023-01-01,9999-12-31,1
1516,Carlos Delgado,kylethornton@browning.com,North,2023-01-01,9999-12-31,1
1517,Krystal Moore,whitemary@acosta.biz,West,2023-01-01,9999-12-31,1
1518,Elizabeth Reese,kimberlyrodriguez@gmail.com,East,2023-01-01,9999-12-31,1
1519,William Jensen,jerryjohnson@watts.com,East,2023-01-01,9999-12-31,1
1520,Lisa Joseph,melissahenry@gmail.com,East,2023-01-01,9999-12-31,1
1521,Darrell Ortiz,stephanie33@jones.org,West,2023-01-01,9999-12-31,1
1522,Frederick Ellis II,franklinmadison@hotmail.com,West,2023-01-01,9999-12-31,1
1523,Logan Newton,hayesmargaret@rich.net,East,2023-01-01,9999-12-31,1
1524,Victoria Williams,leescott@yahoo.com,West,2023-01-01,9999-12-31,1
1525,Donna Jackson,vaughnrebecca@yahoo.com,West,2023-01-01,9999-12-31,1
1526,Jocelyn Sharp,kimberlypace@payne.com,West,2023-01-01,9999-12-31,1
1527,Kevin Marquez,udavis@wong.com,South,2023-01-01,9999-12-31,1
1528,Michael Walters,gacosta@herring.com,East,2023-01-01,9999-12-31,1
1529,Krystal Keller,mistywhite@williams.info,West,2023-01-01,9999-12-31,1
1530,Christopher Roach,deanjohnny@jimenez-jimenez.com,South,2023-01-01,9999-12-31,1
1531,Katherine Robinson,fortiz@hotmail.com,North,2023-01-01,9999-12-31,1
1532,Dana Kelley,lopezbrian@johnson-nash.org,North,2023-01-01,9999-12-31,1
1533,Elizabeth Knapp,butlergregory@mitchell.org,West,2023-01-01,9999-12-31,1
1534,Cassandra Gibson,daviskevin@yahoo.com,East,2023-01-01,9999-12-31,1
1535,Samantha Chang,thomas14@rose-warren.com,West,2023-01-01,9999-12-31,1
1536,Ashley Blair,mramsey@mitchell.net,North,2023-01-01,9999-12-31,1
1537,Lisa Ho,lvasquez@hotmail.com,East,2023-01-01,9999-12-31,1
1538,Dylan Lee,marshalllaura@charles.biz,East,2023-01-01,9999-12-31,1
1539,Gregory Shaffer,davidsonhannah@tyler-parker.net,North,2023-01-01,9999-12-31,1
1540,Pamela Wilson,randy99@gmail.com,South,2023-01-01,9999-12-31,1
1541,Cheyenne Bass,probles@gmail.com,South,2023-01-01,9999-12-31,1
1542,Mr. Steven Herrera,abowers@hotmail.com,West,2023-01-01,9999-12-31,1
1543,Joseph Cunningham,clarkgina@yahoo.com,East,2023-01-01,9999-12-31,1
1544,Chase Pittman,ksims@hotmail.com,West,2023-01-01,9999-12-31,1
1545,Chelsea Wilson,jennifer46@gmail.com,East,2023-01-01,9999-12-31,1
1546,David Hayes DVM,gregory50@gentry.net,North,2023-01-01,9999-12-31,1
1547,John Porter,sandra84@thomas-wiggins.net,East,2023-01-01,9999-12-31,1
1548,Brandi Hardy,hreeves@gmail.com,East,2023-01-01,9999-12-31,1
1549,Timothy Mcdaniel,steven01@miranda.com,North,2023-01-01,9999-12-31,1
1550,Christine Gonzalez,amanda71@yahoo.com,South,2023-01-01,9999-12-31,1
1551,Donald Smith,amydunn@thomas-bush.com,North,2023-01-01,9999-12-31,1
1552,Carolyn Collins,bwilliams@yahoo.com,East,2023-01-01,9999-12-31,1
1553,Amber Reyes,tmyers@vance.info,North,2023-01-01,9999-12-31,1
1554,Emily Roth,fbradley@mcdonald.info,East,2023-01-01,9999-12-31,1
1555,Travis Thomas,philip55@yahoo.com,South,2023-01-01,9999-12-31,1
1556,Mr. Brian Mendoza,katrina99@romero.com,South,2023-01-01,9999-12-31,1
1557,Matthew Sparks,pgarza@hotmail.com,East,2023-01-01,9999-12-31,1
1558,Christopher Olson,jared96@bradley-peterson.com,South,2023-01-01,9999-12-31,1
1559,Michael Stevenson,vargassteven@hotmail.com,North,2023-01-01,9999-12-31,1
1560,Jeremy Parker,georgegina@hotmail.com,South,2023-01-01,9999-12-31,1
1561,Jamie Snyder,robinsondominic@berger.com,West,2023-01-01,9999-12-31,1
1562,Jodi Carter,jamierich@yahoo.com,South,2023-01-01,9999-12-31,1
1563,Susan Torres,veronica90@hotmail.com,West,2023-01-01,9999-12-31,1
1564,Mrs. Bethany Phillips,smithann@yahoo.com,North,2023-01-01,9999-12-31,1
1565,Douglas Johnson,tgarrett@yahoo.com,South,2023-01-01,9999-12-31,1
1566,Jeffrey Clark,jtaylor@bridges-ward.biz,South,2023-01-01,9999-12-31,1
1567,Zachary Santiago,jonesalfred@dyer.com,South,2023-01-01,9999-12-31,1
1568,Martin Perry,dhanson@hotmail.com,North,2023-01-01,9999-12-31,1
1569,Robert Cruz,rogersmith@bradford-young.net,North,2023-01-01,9999-12-31,1
1570,Timothy Johnston,carrolljanet@carpenter.com,West,2023-01-01,9999-12-31,1
1571,Nicholas Terrell,hblack@hotmail.com,East,2023-01-01,9999-12-31,1
1572,John Harmon,chloe58@harrison.info,North,2023-01-01,9999-12-31,1
1573,Erin Gomez,gary94@hotmail.com,South,2023-01-01,9999-12-31,1
1574,Debbie Soto,douglaskelly@weber.net,West,2023-01-01,9999-12-31,1
1575,Richard King,michaela01@hotmail.com,South,2023-01-01,9999-12-31,1
1576,Kevin Hernandez,lindsey43@yahoo.com,South,2023-01-01,9999-12-31,1
1577,Joseph Johnson,caitlinunderwood@mullins-gutierrez.biz,North,2023-01-01,9999-12-31,1
1578,Jeremiah Walsh,brian41@jackson.info,East,2023-01-01,9999-12-31,1
1579,Paul Goodwin,yvega@baker-moreno.biz,South,2023-01-01,9999-12-31,1
1580,Timothy Cole,davisamanda@yahoo.com,North,2023-01-01,9999-12-31,1
1581,Jessica Hull,joseph14@hotmail.com,West,2023-01-01,9999-12-31,1
1582,Julia Leonard,aprilbyrd@edwards.com,South,2023-01-01,9999-12-31,1
1583,Alexandra Davis,ubell@king-johnson.org,West,2023-01-01,9999-12-31,1
1584,Todd Douglas,ericksondavid@anderson.org,North,2023-01-01,9999-12-31,1
1585,Cathy Rodriguez,kenneth17@hammond-schwartz.com,North,2023-01-01,9999-12-31,1
1586,Richard Ramirez,dprice@sosa-baker.info,North,2023-01-01,9999-12-31,1
1587,William Gonzalez,debbierodriguez@hotmail.com,North,2023-01-01,9999-12-31,1
1588,Colleen Schneider,dakota11@hotmail.com,North,2023-01-01,9999-12-31,1
1589,Paula Smith,denisesmith@gmail.com,East,2023-01-01,9999-12-31,1
1590,Deborah Graves,robertsonshelby@yahoo.com,West,2023-01-01,9999-12-31,1
1591,Jared Luna,aaronfinley@martinez-nichols.com,East,2023-01-01,9999-12-31,1
1592,Eric Brown,amanda51@hodges-roberts.com,West,2023-01-01,9999-12-31,1
1593,Andrew Cruz,heather15@miller-chen.com,South,2023-01-01,9999-12-31,1
1594,Corey Cortez,yprice@schneider.info,South,2023-01-01,9999-12-31,1
1595,Alexis Morgan,sullivanjason@hotmail.com,West,2023-01-01,9999-12-31,1
1596,Judy Gregory,sandyjohnson@burns.info,South,2023-01-01,9999-12-31,1
1597,Lisa Sanchez,jacksonbrendan@hoover-davis.org,South,2023-01-01,9999-12-31,1
1598,Kevin Meyers,crawfordlauren@brown.biz,South,2023-01-01,9999-12-31,1
1599,Russell Rojas,david98@gmail.com,East,2023-01-01,9999-12-31,1
1600,Vincent Lewis,matthewmartinez@todd.com,East,2023-01-01,9999-12-31,1
1601,Jessica Frost,craigboone@bennett.com,North,2023-01-01,9999-12-31,1
1602,Christopher Davis,ysteele@yahoo.com,West,2023-01-01,9999-12-31,1
1603,Christine Bowman,lallen@hotmail.com,South,2023-01-01,9999-12-31,1
1604,Linda Love,michael08@lee.com,West,2023-01-01,9999-12-31,1
1605,Shari Hatfield,qtownsend@hill.com,North,2023-01-01,9999-12-31,1
1606,Melinda Schmitt,qthompson@gmail.com,North,2023-01-01,9999-12-31,1
1607,Jackson Clark,christina70@gmail.com,South,2023-01-01,9999-12-31,1
1608,Tammy Thompson,erobertson@griffith.org,North,2023-01-01,9999-12-31,1
1609,Cristian Rhodes,kimberlynguyen@gmail.com,South,2023-01-01,9999-12-31,1
1610,Jason Gonzalez,ruiztodd@thomas-reilly.info,North,2023-01-01,9999-12-31,1
1611,James Ellis,theresa35@johnson.com,North,2023-01-01,9999-12-31,1
1612,Brian Owens,kathleenrobinson@yahoo.com,South,2023-01-01,9999-12-31,1
1613,Rachel Little,christophervincent@atkins-robinson.info,North,2023-01-01,9999-12-31,1
1614,Diana Blair,markriley@shah.biz,North,2023-01-01,9999-12-31,1
1615,Amanda Ruiz,eschmidt@nicholson.net,North,2023-01-01,9999-12-31,1
1616,Melissa Russell,michaelallen@smith.com,West,2023-01-01,9999-12-31,1
1617,Joe Hudson,iford@sullivan.info,East,2023-01-01,9999-12-31,1
1618,April Burton,alyssa46@yahoo.com,West,2023-01-01,9999-12-31,1
1619,Lisa Johnston,olivermatthew@robertson.com,North,2023-01-01,9999-12-31,1
1620,Ashley Diaz,michael81@fletcher.com,East,2023-01-01,9999-12-31,1
1621,Mariah Mclaughlin,lukehurst@frazier.com,West,2023-01-01,9999-12-31,1
1622,Jonathan Gallegos,shannon51@gmail.com,West,2023-01-01,9999-12-31,1
1623,Judith Miller,susan11@hill.com,West,2023-01-01,9999-12-31,1
1624,Shaun Meyer DDS,imontes@gmail.com,South,2023-01-01,9999-12-31,1
1625,Jason Rojas,jaime03@newman.com,North,2023-01-01,9999-12-31,1
1626,Mr. Joseph Kelley,ashley42@yahoo.com,North,2023-01-01,9999-12-31,1
1627,Jacob Roberts,michaelbryant@montgomery.net,East,2023-01-01,9999-12-31,1
1628,William Franco,johnwilliams@andrews-alexander.com,West,2023-01-01,9999-12-31,1
1629,Justin Johnson,earl78@gmail.com,North,2023-01-01,9999-12-31,1
1630,Barbara Johnson,staciereilly@gmail.com,West,2023-01-01,9999-12-31,1
1631,Oscar Cantrell,thomas49@hotmail.com,North,2023-01-01,9999-12-31,1
1632,Keith Meadows,hannah70@gmail.com,West,2023-01-01,9999-12-31,1
1633,Audrey Johnson,uhoward@franklin.org,North,2023-01-01,9999-12-31,1
1634,Rachael Wang,millermelissa@powers.com,East,2023-01-01,9999-12-31,1
1635,Larry Hunt Jr.,bhernandez@yahoo.com,West,2023-01-01,9999-12-31,1
1636,Adam Cooper,fsawyer@gmail.com,North,2023-01-01,9999-12-31,1
1637,Jill Riddle,frank66@gmail.com,East,2023-01-01,9999-12-31,1
1638,Linda Thomas,hmcneil@yahoo.com,East,2023-01-01,9999-12-31,1
1639,Tyler Avila,ortizrobin@thompson-murray.org,North,2023-01-01,9999-12-31,1
1640,Breanna Lopez,angela04@hotmail.com,West,2023-01-01,9999-12-31,1
1641,Justin Ford,moorekevin@flowers.com,South,2023-01-01,9999-12-31,1
1642,John Watts,wilsonjoshua@george.org,East,2023-01-01,9999-12-31,1
1643,Mr. David Jennings,william90@martin-brown.com,East,2023-01-01,9999-12-31,1
1644,Michael Howard,michael50@carter-fowler.com,North,2023-01-01,9999-12-31,1
1645,Pamela White,amybrennan@marsh.com,South,2023-01-01,9999-12-31,1
1646,Kevin Morrow,aprilwatson@jenkins-mccall.com,South,2023-01-01,9999-12-31,1
1647,Christopher Walker,butlersabrina@fuentes.info,South,2023-01-01,9999-12-31,1
1648,Michael Taylor,gerald40@hotmail.com,North,2023-01-01,9999-12-31,1
1649,Courtney Vincent,kyleclark@coleman.com,West,2023-01-01,9999-12-31,1
1650,John Reynolds,johnsondonna@brown.com,East,2023-01-01,9999-12-31,1
1651,Adam Davis,brianagonzalez@bell.com,North,2023-01-01,9999-12-31,1
1652,Hannah Martin,garciabelinda@rice.com,South,2023-01-01,9999-12-31,1
1653,Carolyn Webster,glasssamantha@wells.com,East,2023-01-01,9999-12-31,1
1654,Henry Gray,rickjuarez@martinez-rodriguez.com,East,2023-01-01,9999-12-31,1
1655,Isaiah Roberts DDS,tristan64@burke-collins.info,South,2023-01-01,9999-12-31,1
1656,Jason Mercer,melissajacobson@yahoo.com,South,2023-01-01,9999-12-31,1
1657,Holly Smith,sandersalexandra@hotmail.com,East,2023-01-01,9999-12-31,1
1658,Charles Morales,calvinhester@gonzalez-anthony.biz,East,2023-01-01,9999-12-31,1
1659,Ryan Hardy,katelyn65@yahoo.com,West,2023-01-01,9999-12-31,1
1660,Tiffany Archer,katrinarodriguez@yahoo.com,West,2023-01-01,9999-12-31,1
1661,David Dunlap Jr.,jimenezanthony@reyes.com,North,2023-01-01,9999-12-31,1
1662,Marco Davis,msparks@bates-henry.com,East,2023-01-01,9999-12-31,1
1663,Rhonda Fernandez,ewingnicole@reyes.biz,West,2023-01-01,9999-12-31,1
1664,Andrew Thompson,travistaylor@hotmail.com,East,2023-01-01,9999-12-31,1
1665,Phillip Carroll,kalvarez@hotmail.com,South,2023-01-01,9999-12-31,1
1666,Dennis Garza,katie45@gmail.com,West,2023-01-01,9999-12-31,1
1667,Andrew Hood,hubbardcolleen@yahoo.com,South,2023-01-01,9999-12-31,1
1668,Gregory Howard,stanleyjohn@hotmail.com,South,2023-01-01,9999-12-31,1
1669,Bradley Watts,morganandrew@yahoo.com,South,2023-01-01,9999-12-31,1
1670,Matthew Henderson,andrew79@gmail.com,North,2023-01-01,9999-12-31,1
1671,Mrs. Jeanette Armstrong,vazquezjamie@yahoo.com,South,2023-01-01,9999-12-31,1
1672,Pamela Morgan,tara37@hotmail.com,North,2023-01-01,9999-12-31,1
1673,Rachel Pittman,joseph49@ballard-weber.com,East,2023-01-01,9999-12-31,1
1674,Laura Vargas,knightamanda@yahoo.com,East,2023-01-01,9999-12-31,1
1675,Robert Pearson,ryan85@gmail.com,West,2023-01-01,9999-12-31,1
1676,David Robertson,burtonzachary@ray.info,West,2023-01-01,9999-12-31,1
1677,Mark Lamb,boydmichael@gmail.com,North,2023-01-01,9999-12-31,1
1678,Paul Cannon,eflores@hotmail.com,East,2023-01-01,9999-12-31,1
1679,Jason Colon,gloria36@wilson.com,West,2023-01-01,9999-12-31,1
1680,Ronald Marshall,clucas@gmail.com,West,2023-01-01,9999-12-31,1
1681,Chad Green,dawnwilliams@hotmail.com,West,2023-01-01,9999-12-31,1
1682,Mr. Scott Miller,lesterrichard@yahoo.com,East,2023-01-01,9999-12-31,1
1683,Stacey Sanders,danielnavarro@boyd.net,West,2023-01-01,9999-12-31,1
1684,Stephen Young,mark96@manning.com,East,2023-01-01,9999-12-31,1
1685,Wayne Gonzales,henrynicholas@gmail.com,South,2023-01-01,9999-12-31,1
1686,Jeff Vega,michaelbaldwin@yahoo.com,South,2023-01-01,9999-12-31,1
1687,Walter Obrien,johnnycruz@mullen.com,South,2023-01-01,9999-12-31,1
1688,Cynthia Ramos,qpennington@davis-carson.com,North,2023-01-01,9999-12-31,1
1689,Scott Martin,natasha60@yahoo.com,East,2023-01-01,9999-12-31,1
1690,Samantha Shepard,vhouse@hotmail.com,West,2023-01-01,9999-12-31,1
1691,Thomas Garcia,william56@daniel.com,North,2023-01-01,9999-12-31,1
1692,Margaret White,aarongonzalez@yahoo.com,North,2023-01-01,9999-12-31,1
1693,Bradley Moore,usparks@mendoza-moss.com,South,2023-01-01,9999-12-31,1
1694,Kevin Murphy,christopherrichardson@yahoo.com,East,2023-01-01,9999-12-31,1
1695,Theresa Wilkerson,vaughansandra@salazar.info,West,2023-01-01,9999-12-31,1
1696,Michael Jackson,jburke@gmail.com,North,2023-01-01,9999-12-31,1
1697,Carolyn Bradley,dayala@snyder.com,West,2023-01-01,9999-12-31,1
1698,Johnny Anderson,wandacampbell@lopez.com,South,2023-01-01,9999-12-31,1
1699,Dennis Williamson,brandi71@harrison.biz,East,2023-01-01,9999-12-31,1
1700,Michelle Erickson,davisbrian@yahoo.com,West,2023-01-01,9999-12-31,1
1701,Kaitlin Gomez,kingchristine@madden-lambert.com,West,2023-01-01,9999-12-31,1
1702,Kristin Carpenter,williamconrad@yahoo.com,North,2023-01-01,9999-12-31,1
1703,Evan Moreno,darryl02@savage-davenport.com,West,2023-01-01,9999-12-31,1
1704,Diane Mcdowell,ryan25@hotmail.com,East,2023-01-01,9999-12-31,1
1705,Pamela Hernandez DVM,lopezbrian@gmail.com,East,2023-01-01,9999-12-31,1
1706,David Mccarthy,carneysara@gmail.com,West,2023-01-01,9999-12-31,1
1707,William Hoffman,urodriguez@gmail.com,North,2023-01-01,9999-12-31,1
1708,Brandon Oneill,karencarson@macdonald.com,North,2023-01-01,9999-12-31,1
1709,Laura Butler,kaylarhodes@johnson-maldonado.com,South,2023-01-01,9999-12-31,1
1710,Kevin Bean,anthonystevens@hotmail.com,East,2023-01-01,9999-12-31,1
1711,Jordan Moses,tara97@meza-cooke.org,South,2023-01-01,9999-12-31,1
1712,Scott Solis,lauren18@hotmail.com,North,2023-01-01,9999-12-31,1
1713,James Thompson,smithjared@yahoo.com,South,2023-01-01,9999-12-31,1
1714,Dominique Goodwin,evanslaurie@drake.com,North,2023-01-01,9999-12-31,1
1715,Brendan Richardson,ygriffin@adams-burke.com,South,2023-01-01,9999-12-31,1
1716,Rita Austin,gdavis@yahoo.com,South,2023-01-01,9999-12-31,1
1717,Megan Holland,prose@miller.info,East,2023-01-01,9999-12-31,1
1718,William Sutton,alexandraphillips@gmail.com,East,2023-01-01,9999-12-31,1
1719,Sylvia Palmer,qdavis@hotmail.com,South,2023-01-01,9999-12-31,1
1720,Dawn Scott,wilsondorothy@hartman.com,North,2023-01-01,9999-12-31,1
1721,Shawn Evans,qhanson@yahoo.com,North,2023-01-01,9999-12-31,1
1722,Shelby Lopez,burgesscassandra@rodriguez.com,East,2023-01-01,9999-12-31,1
1723,Matthew Stevens,nturner@yahoo.com,East,2023-01-01,9999-12-31,1
1724,Tracey Leonard,martinezalexander@gmail.com,West,2023-01-01,9999-12-31,1
1725,Melissa Lopez,timothythomas@graham.net,East,2023-01-01,9999-12-31,1
1726,Eric Ford,kjohnson@gmail.com,North,2023-01-01,9999-12-31,1
1727,Jill Washington,mrichards@hudson-bass.com,East,2023-01-01,9999-12-31,1
1728,Brian Abbott,vallison@hotmail.com,West,2023-01-01,9999-12-31,1
1729,Kristen Roberts,ltucker@hotmail.com,South,2023-01-01,9999-12-31,1
1730,Meghan Velasquez,jenniferrice@yahoo.com,South,2023-01-01,9999-12-31,1
1731,Kristen Adams,nwilson@hotmail.com,North,2023-01-01,9999-12-31,1
1732,Michael Smith,taylorkim@hotmail.com,West,2023-01-01,9999-12-31,1
1733,Terry Morgan,nicolesharp@yahoo.com,South,2023-01-01,9999-12-31,1
1734,Sandra Nunez,kmarsh@hotmail.com,South,2023-01-01,9999-12-31,1
1735,Michael Miller,glenmoore@yahoo.com,East,2023-01-01,9999-12-31,1
1736,Jason Chaney,jasonwilliams@gmail.com,South,2023-01-01,9999-12-31,1
1737,Dean Rhodes,romanmatthew@williamson.net,North,2023-01-01,9999-12-31,1
1738,David Peterson,carrilloangela@gmail.com,South,2023-01-01,9999-12-31,1
1739,Shelly Munoz,housesamuel@estes-campos.com,North,2023-01-01,9999-12-31,1
1740,Lisa Garrison,romerogary@pitts.com,North,2023-01-01,9999-12-31,1
1741,Michelle Gill,mooremichael@gmail.com,East,2023-01-01,9999-12-31,1
1742,Dakota Montes,marywells@wagner-miller.com,West,2023-01-01,9999-12-31,1
1743,Jennifer Soto,karenmoreno@taylor.biz,North,2023-01-01,9999-12-31,1
1744,Stephanie Crane,ramoskayla@hotmail.com,South,2023-01-01,9999-12-31,1
1745,Terri Miller,kholden@yahoo.com,South,2023-01-01,9999-12-31,1
1746,Peter Keller,levinetina@liu.net,North,2023-01-01,9999-12-31,1
1747,Mikayla Edwards,wilcoxrachel@hotmail.com,South,2023-01-01,9999-12-31,1
1748,Melody Griffin,zterry@sullivan.com,East,2023-01-01,9999-12-31,1
1749,Jean Higgins,jason88@boyd-sherman.com,South,2023-01-01,9999-12-31,1
1750,Steve Fernandez,marilyntorres@yahoo.com,East,2023-01-01,9999-12-31,1
1751,Mrs. Amy Watson,williamsdebra@gmail.com,North,2023-01-01,9999-12-31,1
1752,Kenneth Smith,lindazhang@hotmail.com,North,2023-01-01,9999-12-31,1
1753,Teresa Wade,kevin92@gray.net,North,2023-01-01,9999-12-31,1
1754,Samantha Ward,jenniferpoole@davis.com,East,2023-01-01,9999-12-31,1
1755,Jeremy Wood,lwiggins@yahoo.com,South,2023-01-01,9999-12-31,1
1756,Whitney Barker,jcolon@hotmail.com,East,2023-01-01,9999-12-31,1
1757,Michael Anderson,stanleyjohnson@raymond.com,South,2023-01-01,9999-12-31,1
1758,Jennifer Martinez,millsdavid@yahoo.com,South,2023-01-01,9999-12-31,1
1759,Elizabeth Tucker PhD,twilliams@lewis-fuentes.info,East,2023-01-01,9999-12-31,1
1760,Joshua Jones,tolson@chavez.org,West,2023-01-01,9999-12-31,1
1761,Charles Fields,uhernandez@yahoo.com,North,2023-01-01,9999-12-31,1
1762,Mario Hanson,rachelmorgan@gmail.com,South,2023-01-01,9999-12-31,1
1763,Stacy Fitzgerald,jasminearmstrong@parker.com,South,2023-01-01,9999-12-31,1
1764,Luke Ray,karenshaw@martinez.com,East,2023-01-01,9999-12-31,1
1765,Denise Harris,romancatherine@yahoo.com,West,2023-01-01,9999-12-31,1
1766,Katherine Peck,bwhite@hotmail.com,North,2023-01-01,9999-12-31,1
1767,David Wilson,justinwhite@moore.com,West,2023-01-01,9999-12-31,1
1768,Tyrone White,peter52@orozco-scott.com,North,2023-01-01,9999-12-31,1
1769,David Harper,gromero@avery-adams.com,South,2023-01-01,9999-12-31,1
1770,Jason Washington,robinsmith@hotmail.com,South,2023-01-01,9999-12-31,1
1771,Megan Sanchez,ashley71@mason.net,East,2023-01-01,9999-12-31,1
1772,Dr. Kimberly Henderson,smithsteven@hotmail.com,East,2023-01-01,9999-12-31,1
1773,William Smith,carla65@hotmail.com,West,2023-01-01,9999-12-31,1
1774,Ryan Campbell,turnerrandall@rivas.net,West,2023-01-01,9999-12-31,1
1775,Dr. Christine Wagner PhD,tiffany74@gmail.com,North,2023-01-01,9999-12-31,1
1776,Erica Clark,sloandennis@gmail.com,East,2023-01-01,9999-12-31,1
1777,April Smith,speters@burns.com,South,2023-01-01,9999-12-31,1
1778,Stephanie Cabrera,gomezlisa@hotmail.com,East,2023-01-01,9999-12-31,1
1779,Christopher Tate,fordsharon@smith-paul.com,West,2023-01-01,9999-12-31,1
1780,Michelle Lee,jimsnyder@yahoo.com,East,2023-01-01,9999-12-31,1
1781,Johnathan Padilla,gonzalezlori@rodriguez-ramirez.net,South,2023-01-01,9999-12-31,1
1782,Juan Keller MD,chapmanjulie@green.com,East,2023-01-01,9999-12-31,1
1783,Monica Hill,erin70@davidson-hahn.com,West,2023-01-01,9999-12-31,1
1784,Erica Richard,david87@yahoo.com,South,2023-01-01,9999-12-31,1
1785,Peter Stephenson,ramirezrobert@stewart-myers.com,North,2023-01-01,9999-12-31,1
1786,Kenneth Johnson,prosario@martin.com,North,2023-01-01,9999-12-31,1
1787,Anne Castillo,mary31@allen-peterson.com,South,2023-01-01,9999-12-31,1
1788,Kelly Young,oduran@riley-miller.com,South,2023-01-01,9999-12-31,1
1789,Jamie Wu,bryanlang@turner.biz,South,2023-01-01,9999-12-31,1
1790,Michael Hansen,nmorales@yahoo.com,West,2023-01-01,9999-12-31,1
1791,Kyle Keller,yreyes@hobbs-harvey.com,South,2023-01-01,9999-12-31,1
1792,Megan Johnson,danielsmith@hotmail.com,West,2023-01-01,9999-12-31,1
1793,Richard Lee,michael79@lopez-taylor.com,South,2023-01-01,9999-12-31,1
1794,Eric Graham,brandy82@gmail.com,West,2023-01-01,9999-12-31,1
1795,Larry Carter,brianhunter@trevino.com,West,2023-01-01,9999-12-31,1
1796,Christina Jones,dneal@schwartz.com,East,2023-01-01,9999-12-31,1
1797,Jennifer Martin,crawfordsamantha@hotmail.com,North,2023-01-01,9999-12-31,1
1798,David Hanson,vnavarro@bennett.com,South,2023-01-01,9999-12-31,1
1799,Benjamin Johnson,kellylee@durham.com,North,2023-01-01,9999-12-31,1
1800,Christopher Mcclure,melanie32@smith.com,North,2023-01-01,9999-12-31,1
1801,Michael Gray,sharon47@wood.com,East,2023-01-01,9999-12-31,1
1802,Vanessa Cuevas,wilsonnicole@gmail.com,North,2023-01-01,9999-12-31,1
1803,Cheryl Gray,carol30@hotmail.com,North,2023-01-01,9999-12-31,1
1804,Sarah Phillips,john42@schmitt.com,South,2023-01-01,9999-12-31,1
1805,Rachel Mendez,ppotter@brooks.com,West,2023-01-01,9999-12-31,1
1806,Karen Sosa,bianca90@gmail.com,South,2023-01-01,9999-12-31,1
1807,Dale Roy,kevinoneal@hotmail.com,South,2023-01-01,9999-12-31,1
1808,Ryan Scott,karenphillips@bell.org,North,2023-01-01,9999-12-31,1
1809,Jerry Reynolds,ystewart@gmail.com,North,2023-01-01,9999-12-31,1
1810,David Brewer,phillipswarren@hotmail.com,South,2023-01-01,9999-12-31,1
1811,Rachel House,jonesbenjamin@cook.com,South,2023-01-01,9999-12-31,1
1812,Patrick Mack,janicebolton@hotmail.com,North,2023-01-01,9999-12-31,1
1813,Susan Smith,lynn66@hotmail.com,West,2023-01-01,9999-12-31,1
1814,Alexandra Valdez,uperez@clark.net,West,2023-01-01,9999-12-31,1
1815,Miranda Murray,megan66@gonzales.com,South,2023-01-01,9999-12-31,1
1816,Kenneth Anderson,wcochran@perez-simmons.biz,West,2023-01-01,9999-12-31,1
1817,Melissa Evans,weekseric@carroll-lloyd.org,South,2023-01-01,9999-12-31,1
1818,Jeanne James,fergusonjacob@gmail.com,East,2023-01-01,9999-12-31,1
1819,Victor Fowler,jacksonemily@gmail.com,North,2023-01-01,9999-12-31,1
1820,Michael Burns,chadmccarty@harris-carter.net,South,2023-01-01,9999-12-31,1
1821,Anthony Stone,michele66@mayo.net,South,2023-01-01,9999-12-31,1
1822,Patrick Price,monicacollins@ortega.com,South,2023-01-01,9999-12-31,1
1823,Kathryn Cohen,adrianthomas@gmail.com,West,2023-01-01,9999-12-31,1
1824,Lisa Wright,kstevens@gmail.com,South,2023-01-01,9999-12-31,1
1825,Donna Ibarra,isabella46@hotmail.com,East,2023-01-01,9999-12-31,1
1826,Sarah Perry,qellis@hale.biz,West,2023-01-01,9999-12-31,1
1827,Amanda Mcclure,nicole84@hendricks.com,North,2023-01-01,9999-12-31,1
1828,Jennifer Gill,charles18@ortiz-martin.com,East,2023-01-01,9999-12-31,1
1829,Julia Jones,zcooper@gmail.com,South,2023-01-01,9999-12-31,1
1830,Adam Wilson,ellen77@jones-kelley.com,East,2023-01-01,9999-12-31,1
1831,Jessica Ruiz,georgesmith@gmail.com,South,2023-01-01,9999-12-31,1
1832,Caleb Figueroa,powersalex@hernandez-howard.com,East,2023-01-01,9999-12-31,1
1833,Stephanie Patel,copelandlisa@hotmail.com,West,2023-01-01,9999-12-31,1
1834,Mary Garcia,awilliams@gmail.com,South,2023-01-01,9999-12-31,1
1835,Pamela Mcfarland,jamessmith@gmail.com,West,2023-01-01,9999-12-31,1
1836,Gabrielle Lee DDS,roblesmaria@ramsey.biz,East,2023-01-01,9999-12-31,1
1837,Robyn Morris,sarahfoster@martinez-lewis.com,South,2023-01-01,9999-12-31,1
1838,Adrian Valdez,olewis@barrett.org,North,2023-01-01,9999-12-31,1
1839,Austin Robinson,gbird@hotmail.com,North,2023-01-01,9999-12-31,1
1840,Wanda Jefferson,susan95@horton.com,South,2023-01-01,9999-12-31,1
1841,Mark Henson,bjones@hotmail.com,East,2023-01-01,9999-12-31,1
1842,Joann Dixon,hallchristina@parker.biz,North,2023-01-01,9999-12-31,1
1843,Lisa Brown,jphillips@yahoo.com,South,2023-01-01,9999-12-31,1
1844,Andrew Mclean,dennis50@hotmail.com,North,2023-01-01,9999-12-31,1
1845,Jennifer Hess,melanierivera@harris.com,South,2023-01-01,9999-12-31,1
1846,Melissa Walker,isaiah01@yahoo.com,East,2023-01-01,9999-12-31,1
1847,Corey Walters,davidthompson@guerra.com,East,2023-01-01,9999-12-31,1
1848,John Martin,rogerobrien@mitchell-west.com,West,2023-01-01,9999-12-31,1
1849,Richard Miller,egray@yahoo.com,North,2023-01-01,9999-12-31,1
1850,Leon Hamilton,ysmith@dickerson-blake.com,West,2023-01-01,9999-12-31,1
1851,Brittany Barber,dford@yahoo.com,East,2023-01-01,9999-12-31,1
1852,Larry Jones,mgonzalez@smith.com,South,2023-01-01,9999-12-31,1
1853,Timothy Bentley DVM,pburns@hotmail.com,East,2023-01-01,9999-12-31,1
1854,Stephen Riddle,kfrederick@hines.com,East,2023-01-01,9999-12-31,1
1855,Katherine Barker,vhouse@allen.com,South,2023-01-01,9999-12-31,1
1856,Megan Terry,catherine24@guzman.com,West,2023-01-01,9999-12-31,1
1857,Ray Newman,fmccarthy@hotmail.com,North,2023-01-01,9999-12-31,1
1858,Sherri Martin,heather88@hotmail.com,East,2023-01-01,9999-12-31,1
1859,Laurie Gross,fieldskimberly@olsen-adams.com,East,2023-01-01,9999-12-31,1
1860,Jennifer Parker,esmith@butler.biz,North,2023-01-01,9999-12-31,1
1861,James Padilla,hwhite@bradley-lewis.com,East,2023-01-01,9999-12-31,1
1862,Clayton Malone,nalexander@gmail.com,North,2023-01-01,9999-12-31,1
1863,Carol Carter,hillmatthew@hotmail.com,North,2023-01-01,9999-12-31,1
1864,John Hodges,adamsstephanie@aguilar.net,North,2023-01-01,9999-12-31,1
1865,Jaime Meyer,vkennedy@hotmail.com,South,2023-01-01,9999-12-31,1
1866,Jacob Wu,shelleyortega@yahoo.com,West,2023-01-01,9999-12-31,1
1867,Vanessa Marks,bryantholly@houston.com,West,2023-01-01,9999-12-31,1
1868,Diana Lyons,shannon78@keller-smith.com,South,2023-01-01,9999-12-31,1
1869,Isaac Williams,fhall@yahoo.com,West,2023-01-01,9999-12-31,1
1870,Rebecca Bailey,navarrokelly@gmail.com,West,2023-01-01,9999-12-31,1
1871,Sheila Walter,tylermiller@davies.info,West,2023-01-01,9999-12-31,1
1872,Karen Fernandez,georgeraymond@davis.com,East,2023-01-01,9999-12-31,1
1873,Erin Reyes,jenniferwade@hotmail.com,South,2023-01-01,9999-12-31,1
1874,Chad Nichols,popemarvin@gmail.com,West,2023-01-01,9999-12-31,1
1875,Pamela Burke,vkent@hotmail.com,South,2023-01-01,9999-12-31,1
1876,Martha Glover,jeffreywilson@gmail.com,West,2023-01-01,9999-12-31,1
1877,Gerald Vargas,berrydavid@finley-ray.com,West,2023-01-01,9999-12-31,1
1878,Kevin Lee,xflores@hotmail.com,South,2023-01-01,9999-12-31,1
1879,Beth Alvarado,fosteramanda@stewart-cabrera.com,North,2023-01-01,9999-12-31,1
1880,Kathryn Bryant,juliesweeney@hotmail.com,South,2023-01-01,9999-12-31,1
1881,Francisco Shaw,wendy97@poole.biz,North,2023-01-01,9999-12-31,1
1882,Robert Hernandez,isabellawilliams@gates.biz,East,2023-01-01,9999-12-31,1
1883,Robert Gaines,kelleymatthew@kennedy.com,South,2023-01-01,9999-12-31,1
1884,Diane Horton,udavis@glenn.com,North,2023-01-01,9999-12-31,1
1885,Christopher Taylor,phyllis33@hotmail.com,West,2023-01-01,9999-12-31,1
1886,Matthew Cox,nicholasmcgrath@skinner.info,East,2023-01-01,9999-12-31,1
1887,Anthony Baird,obooker@hotmail.com,South,2023-01-01,9999-12-31,1
1888,Andrew Allen,hailey26@hotmail.com,North,2023-01-01,9999-12-31,1
1889,Megan Davis DDS,cynthia75@gmail.com,North,2023-01-01,9999-12-31,1
1890,Bradley Burns,matthewsvanessa@hill-mcgee.org,South,2023-01-01,9999-12-31,1
1891,John Newman,ashley15@gmail.com,North,2023-01-01,9999-12-31,1
1892,Shannon Medina,longlisa@hotmail.com,South,2023-01-01,9999-12-31,1
1893,Joseph Richards DDS,tammymerritt@atkins.com,North,2023-01-01,9999-12-31,1
1894,Jeremy Edwards,baileydelgado@hart.com,West,2023-01-01,9999-12-31,1
1895,Katie Cox,qrowland@wright.net,South,2023-01-01,9999-12-31,1
1896,Elaine Ferguson,hneal@obrien-dixon.com,South,2023-01-01,9999-12-31,1
1897,Amanda Johnson,melissa32@arnold.org,East,2023-01-01,9999-12-31,1
1898,Joshua Green,qbryant@coleman.com,West,2023-01-01,9999-12-31,1
1899,Debra Schultz,anne89@barnes.com,South,2023-01-01,9999-12-31,1
1900,Jessica Johnson DDS,david18@jones-bowman.com,North,2023-01-01,9999-12-31,1
1901,Paula Thomas,alejandro63@lynn-patton.com,North,2023-01-01,9999-12-31,1
1902,Nicholas Parker,ricejackie@yahoo.com,North,2023-01-01,9999-12-31,1
1903,Lisa Mosley,stacey62@shaffer-byrd.net,East,2023-01-01,9999-12-31,1
1904,Sonia Powell,albert82@martinez.com,South,2023-01-01,9999-12-31,1
1905,Margaret Wood,lmann@andersen-lindsey.net,North,2023-01-01,9999-12-31,1
1906,Troy Meyer,cynthia14@townsend-bruce.com,East,2023-01-01,9999-12-31,1
1907,David Davis,paulangela@stokes-smith.biz,East,2023-01-01,9999-12-31,1
1908,Tara Taylor,sullivanchristina@hotmail.com,South,2023-01-01,9999-12-31,1
1909,Jeffery Ferguson,virginiaguerrero@hotmail.com,North,2023-01-01,9999-12-31,1
1910,Amanda West,gregoryrichardson@palmer.biz,West,2023-01-01,9999-12-31,1
1911,Christopher Booker MD,robertstimothy@lewis-rojas.org,North,2023-01-01,9999-12-31,1
1912,Thomas Hickman,fstafford@kelly.info,West,2023-01-01,9999-12-31,1
1913,Hector Smith,ggomez@vasquez-miller.net,West,2023-01-01,9999-12-31,1
1914,Jennifer Gentry,kaylawright@foster-evans.biz,North,2023-01-01,9999-12-31,1
1915,Kimberly Adams,wmartin@hotmail.com,West,2023-01-01,9999-12-31,1
1916,Ian Harrell,lopezbilly@fisher-rivera.com,East,2023-01-01,9999-12-31,1
1917,Cristian Mendoza,fisherandrea@hotmail.com,East,2023-01-01,9999-12-31,1
1918,Erika Duran,ganderson@gmail.com,North,2023-01-01,9999-12-31,1
1919,Gregory Smith,gregorymatthew@mclaughlin.info,South,2023-01-01,9999-12-31,1
1920,Jeffrey Williamson,juanwilson@gamble-wright.biz,East,2023-01-01,9999-12-31,1
1921,Michael Patrick,victoriagarza@hernandez.com,North,2023-01-01,9999-12-31,1
1922,Tanya Simmons DDS,jamesalicia@schultz.info,West,2023-01-01,9999-12-31,1
1923,Jeffery Williams,michael56@flores.com,East,2023-01-01,9999-12-31,1
1924,Anthony Garner,thomas91@lopez-vaughan.com,North,2023-01-01,9999-12-31,1
1925,Brian Caldwell,michael59@jacobs.org,North,2023-01-01,9999-12-31,1
1926,Stephen Anderson,willisrhonda@roth.com,South,2023-01-01,9999-12-31,1
1927,Joshua Cooper,amandahernandez@gmail.com,West,2023-01-01,9999-12-31,1
1928,Joshua King,shane16@gmail.com,West,2023-01-01,9999-12-31,1
1929,Mr. Troy Gibbs,heather24@sosa.com,West,2023-01-01,9999-12-31,1
1930,Jennifer Cohen,samuelhicks@chan.com,North,2023-01-01,9999-12-31,1
1931,Kenneth Vargas,ugordon@green.com,North,2023-01-01,9999-12-31,1
1932,Carolyn Williams,benjamin24@nelson.com,West,2023-01-01,9999-12-31,1
1933,Christine Wilson DDS,christopher84@hotmail.com,North,2023-01-01,9999-12-31,1
1934,Steven Phillips,hollowayjeffrey@thompson-bonilla.net,South,2023-01-01,9999-12-31,1
1935,Shawna Crosby,qbautista@walters.com,North,2023-01-01,9999-12-31,1
1936,Damon Soto,seanblair@yahoo.com,North,2023-01-01,9999-12-31,1
1937,Steven Davis,llopez@hudson.com,East,2023-01-01,9999-12-31,1
1938,Alisha Martin,mmcdaniel@thomas.com,South,2023-01-01,9999-12-31,1
1939,Matthew Powell,morrisonnicholas@rodriguez.com,East,2023-01-01,9999-12-31,1
1940,Randy Adams,rosariodaniel@meyers.com,West,2023-01-01,9999-12-31,1
1941,Mr. Jeremy Martin,dmoore@hotmail.com,West,2023-01-01,9999-12-31,1
1942,Lori Martinez,stephenscurtis@thomas-barr.com,South,2023-01-01,9999-12-31,1
1943,James Gomez,sandracohen@hotmail.com,North,2023-01-01,9999-12-31,1
1944,Samantha Rodriguez,walkerstephanie@howard-gilbert.com,East,2023-01-01,9999-12-31,1
1945,Tim Miller,gregorymoreno@white.com,South,2023-01-01,9999-12-31,1
1946,Donna Hutchinson,qstanley@hotmail.com,East,2023-01-01,9999-12-31,1
1947,Rachel Hensley,lukemyers@robles.com,North,2023-01-01,9999-12-31,1
1948,Tina Ramirez,wanda26@flores-coleman.biz,East,2023-01-01,9999-12-31,1
1949,Mallory Taylor,fbarnes@ferguson.biz,South,2023-01-01,9999-12-31,1
1950,Miguel Rose,youngaaron@cox.com,North,2023-01-01,9999-12-31,1
1951,Amy Bailey,steven86@clark.com,North,2023-01-01,9999-12-31,1
1952,Autumn Dominguez,squinn@watson-miles.org,South,2023-01-01,9999-12-31,1
1953,Ryan Harrell,michaelmiller@smith.com,North,2023-01-01,9999-12-31,1
1954,Julie Taylor,vjenkins@yahoo.com,East,2023-01-01,9999-12-31,1
1955,Melissa Mitchell,ibarraantonio@gordon.biz,West,2023-01-01,9999-12-31,1
1956,Melanie Liu,jenna62@yahoo.com,South,2023-01-01,9999-12-31,1
1957,Kelly Spence,richardbrown@white-reese.net,East,2023-01-01,9999-12-31,1
1958,Angela Schwartz,denise66@gmail.com,North,2023-01-01,9999-12-31,1
1959,Jacob Coleman,garciamichael@yahoo.com,West,2023-01-01,9999-12-31,1
1960,Douglas Weaver,carlaavila@lopez-harris.com,East,2023-01-01,9999-12-31,1
1961,Bradley Hudson,uwilliams@harding.com,South,2023-01-01,9999-12-31,1
1962,Tina Porter,iswanson@hotmail.com,North,2023-01-01,9999-12-31,1
1963,Erin Mosley,andrewflynn@willis-christian.com,South,2023-01-01,9999-12-31,1
1964,Michael Miller,nicoleaguirre@thomas.net,East,2023-01-01,9999-12-31,1
1965,Monica Curtis,vfloyd@yahoo.com,West,2023-01-01,9999-12-31,1
1966,Scott Jordan,jasonbishop@gmail.com,East,2023-01-01,9999-12-31,1
1967,Latasha Gamble,thomasmonica@dillon.info,East,2023-01-01,9999-12-31,1
1968,Erik Villa,ramirezmichael@jones.info,North,2023-01-01,9999-12-31,1
1969,John Scott,shelbybonilla@yahoo.com,South,2023-01-01,9999-12-31,1
1970,Scott Morales,nrichardson@brooks-fleming.net,East,2023-01-01,9999-12-31,1
1971,Shawn Esparza,figueroajohn@smith.com,East,2023-01-01,9999-12-31,1
1972,Sarah Walker,baileytaylor@hotmail.com,West,2023-01-01,9999-12-31,1
1973,Julie Miller,mtate@murphy-stewart.org,West,2023-01-01,9999-12-31,1
1974,Dr. John Ramirez,stacythomas@flores.org,South,2023-01-01,9999-12-31,1
1975,Amy Stokes,nlewis@gmail.com,South,2023-01-01,9999-12-31,1
1976,Melinda Nelson,thomasjoshua@evans.info,North,2023-01-01,9999-12-31,1
1977,Kelly Caldwell,mariadavis@yahoo.com,South,2023-01-01,9999-12-31,1
1978,Paul Martin,iolson@hotmail.com,West,2023-01-01,9999-12-31,1
1979,Tracie Kim,hoffmanpatricia@gmail.com,South,2023-01-01,9999-12-31,1
1980,Michael Jensen,alexis72@yahoo.com,East,2023-01-01,9999-12-31,1
1981,Ashley Cordova,abigail07@gmail.com,South,2023-01-01,9999-12-31,1
1982,Margaret Lane,julielopez@payne.com,South,2023-01-01,9999-12-31,1
1983,Corey Frazier,lisa04@shaw-parrish.info,North,2023-01-01,9999-12-31,1
1984,Joy Jenkins,wmills@yahoo.com,East,2023-01-01,9999-12-31,1
1985,Christopher Patterson,amyjames@barker.org,North,2023-01-01,9999-12-31,1
1986,Susan Garcia,davisallen@garcia-brady.org,West,2023-01-01,9999-12-31,1
1987,Ariana Wallace,melissa33@arnold-wilson.info,South,2023-01-01,9999-12-31,1
1988,Heather Leon,podonnell@hotmail.com,South,2023-01-01,9999-12-31,1
1989,Jennifer Ayers,joseph44@nunez-smith.biz,West,2023-01-01,9999-12-31,1
1990,Alexander Gibbs,george96@gmail.com,North,2023-01-01,9999-12-31,1
1991,Jenna Jensen,solisbecky@gmail.com,East,2023-01-01,9999-12-31,1
1992,Jeanette Chandler,zachary63@gmail.com,North,2023-01-01,9999-12-31,1
1993,Beth Wilson,mary25@gmail.com,North,2023-01-01,9999-12-31,1
1994,Alexander Smith,montgomeryamy@armstrong.com,East,2023-01-01,9999-12-31,1
1995,Miss Paula Lopez,james36@hopkins-hill.com,South,2023-01-01,9999-12-31,1
1996,Margaret Riley,stevenscaitlin@thomas.com,North,2023-01-01,9999-12-31,1
1997,Johnny Ward,ygarcia@gutierrez.com,West,2023-01-01,9999-12-31,1
1998,Jason Preston,hectorsmith@gmail.com,East,2023-01-01,9999-12-31,1
1999,Lynn Bond,victoria79@payne.com,South,2023-01-01,9999-12-31,1
2000,Allen Johnson,michellewilson@johnson.com,East,2023-01-01,9999-12-31,1
2001,Michael Martinez,fgonzalez@yahoo.com,West,2023-01-01,9999-12-31,1
2002,Marissa Owens,zhunt@gmail.com,East,2023-01-01,9999-12-31,1
2003,Craig Mathis,ygarcia@hotmail.com,East,2023-01-01,9999-12-31,1
2004,Robert Mckay,bandrade@hotmail.com,North,2023-01-01,9999-12-31,1
2005,Rose Dean,wgonzalez@yahoo.com,West,2023-01-01,9999-12-31,1
2006,Sabrina Cole,brenda49@clements.com,West,2023-01-01,9999-12-31,1
2007,Frank Gibbs,charlessandoval@yahoo.com,West,2023-01-01,9999-12-31,1
2008,Ernest Smith,jason95@hoffman.com,East,2023-01-01,9999-12-31,1
2009,Kelsey Garcia,berrydebbie@hotmail.com,West,2023-01-01,9999-12-31,1
2010,Emily Flores,langvictor@fisher-martinez.com,West,2023-01-01,9999-12-31,1
2011,Leslie Young,andrew90@mitchell-skinner.biz,West,2023-01-01,9999-12-31,1
2012,Joseph Rose,jonescody@yahoo.com,North,2023-01-01,9999-12-31,1
2013,Denise Molina,hawkinslawrence@hotmail.com,West,2023-01-01,9999-12-31,1
2014,Edwin Riggs,cameronsharon@gmail.com,East,2023-01-01,9999-12-31,1
2015,Anthony Smith,michelle63@miller.com,North,2023-01-01,9999-12-31,1
2016,Kimberly Smith,nicole01@valentine.com,West,2023-01-01,9999-12-31,1
2017,Lonnie Burnett,sarasilva@gmail.com,West,2023-01-01,9999-12-31,1
2018,Scott Mullins,hbarnett@hotmail.com,North,2023-01-01,9999-12-31,1
2019,John Henry,kendra73@gmail.com,West,2023-01-01,9999-12-31,1
2020,Edward Miller,heatherjones@brown-smith.com,East,2023-01-01,9999-12-31,1
2021,James Freeman,lisagill@hotmail.com,East,2023-01-01,9999-12-31,1
2022,Paige Collins,melaniegarcia@gmail.com,West,2023-01-01,9999-12-31,1
2023,Jack Hester,rlopez@martin-parker.org,East,2023-01-01,9999-12-31,1
2024,Bridget Walter,allenmurray@johnson-stanley.info,North,2023-01-01,9999-12-31,1
2025,Bryan Pierce,zlewis@hotmail.com,West,2023-01-01,9999-12-31,1
2026,Gene Alexander,williamspatrick@yahoo.com,North,2023-01-01,9999-12-31,1
2027,Collin Thompson,gstone@hotmail.com,East,2023-01-01,9999-12-31,1
2028,David Rodriguez,jacobsonbarbara@jones.com,West,2023-01-01,9999-12-31,1
2029,Manuel Baldwin,ugarcia@hotmail.com,North,2023-01-01,9999-12-31,1
2030,Daniel Floyd,janice40@gmail.com,East,2023-01-01,9999-12-31,1
2031,Terry Howell,georgemaldonado@gmail.com,West,2023-01-01,9999-12-31,1
2032,Steven Thomas,bpatterson@mccann.com,South,2023-01-01,9999-12-31,1
2033,Sarah Wheeler,freemanjohn@gmail.com,East,2023-01-01,9999-12-31,1
2034,Alan Frazier,aliciajackson@gmail.com,East,2023-01-01,9999-12-31,1
2035,Ariel Lara,whenry@hotmail.com,South,2023-01-01,9999-12-31,1
2036,John Diaz,kevin58@vincent.com,South,2023-01-01,9999-12-31,1
2037,Joseph Bowman,qchase@howard.com,North,2023-01-01,9999-12-31,1
2038,Melissa Jordan,leestephanie@rodriguez.net,East,2023-01-01,9999-12-31,1
2039,Joann Mullen,renee55@lawrence-landry.com,South,2023-01-01,9999-12-31,1
2040,Andrew Meyer,hamiltonspencer@yahoo.com,West,2023-01-01,9999-12-31,1
2041,Wayne Porter,hbecker@hanson-beck.com,East,2023-01-01,9999-12-31,1
2042,Mr. Edward Chavez,margaret10@torres-jordan.com,North,2023-01-01,9999-12-31,1
2043,Chad Koch,reevesdouglas@gonzalez.com,South,2023-01-01,9999-12-31,1
2044,Timothy Wright,gross@yahoo.com,East,2023-01-01,9999-12-31,1
2045,Linda Thompson,linda23@yahoo.com,East,2023-01-01,9999-12-31,1
2046,Julian Turner,ashley78@bennett.com,South,2023-01-01,9999-12-31,1
2047,Jeremy Edwards,dgomez@yahoo.com,South,2023-01-01,9999-12-31,1
2048,Julia Gaines,idavis@meadows.com,South,2023-01-01,9999-12-31,1
2049,Joshua Cunningham,camposphilip@yahoo.com,East,2023-01-01,9999-12-31,1
2050,Julie Hines,millerjoseph@hotmail.com,South,2023-01-01,9999-12-31,1
2051,Kristopher Short,michelle19@hotmail.com,South,2023-01-01,9999-12-31,1
2052,Michelle Miles,rtaylor@phelps.com,East,2023-01-01,9999-12-31,1
2053,Loretta Gonzalez,hernandeznichole@davis.net,East,2023-01-01,9999-12-31,1
2054,Anthony Martinez,pmcgrath@hotmail.com,North,2023-01-01,9999-12-31,1
2055,Lonnie Gonzales,bthomas@thomas.com,West,2023-01-01,9999-12-31,1
2056,Patrick Payne,qroberts@gmail.com,East,2023-01-01,9999-12-31,1
2057,Katherine Contreras,gwolfe@yahoo.com,West,2023-01-01,9999-12-31,1
2058,Jeffery Johnson,elliottalex@yahoo.com,North,2023-01-01,9999-12-31,1
2059,Matthew Sandoval,odonnellmichael@gmail.com,North,2023-01-01,9999-12-31,1
2060,Nathan Hill,vincent83@orr-warren.net,South,2023-01-01,9999-12-31,1
2061,Matthew Bell,yespinoza@gmail.com,North,2023-01-01,9999-12-31,1
2062,Phillip Turner,hendricksdeanna@yahoo.com,South,2023-01-01,9999-12-31,1
2063,Lisa White,heidichapman@hotmail.com,South,2023-01-01,9999-12-31,1
2064,Luis Powell,christianerik@ortega.info,East,2023-01-01,9999-12-31,1
2065,David Ingram,yodergordon@campos-fisher.com,East,2023-01-01,9999-12-31,1
2066,David Johnson,mhines@pittman.info,West,2023-01-01,9999-12-31,1
2067,William Berry,johnnykim@perez-harmon.biz,South,2023-01-01,9999-12-31,1
2068,Rhonda Lee,harrislisa@ward.org,South,2023-01-01,9999-12-31,1
2069,Andrea Lopez,marisahudson@yahoo.com,West,2023-01-01,9999-12-31,1
2070,Heather Yoder,gonzalescolleen@carroll.net,South,2023-01-01,9999-12-31,1
2071,Bruce Hall,walkershelia@yahoo.com,North,2023-01-01,9999-12-31,1
2072,Hunter Brennan,charles93@frederick.com,South,2023-01-01,9999-12-31,1
2073,Stephanie Aguilar,johnsonrobert@gmail.com,South,2023-01-01,9999-12-31,1
2074,Phillip Taylor,youngcharles@hotmail.com,South,2023-01-01,9999-12-31,1
2075,Michele Cannon,tina69@salazar.com,East,2023-01-01,9999-12-31,1
2076,Andrew Johnson,ryan43@velazquez.com,North,2023-01-01,9999-12-31,1
2077,Shannon Fleming,xwilliams@dominguez-jordan.biz,South,2023-01-01,9999-12-31,1
2078,Ashley Wilson,james60@gmail.com,North,2023-01-01,9999-12-31,1
2079,Kevin Perez,marksjohn@jones.info,North,2023-01-01,9999-12-31,1
2080,Andrew Bailey,david67@martinez.net,North,2023-01-01,9999-12-31,1
2081,Michael Li,xmarquez@carter.com,West,2023-01-01,9999-12-31,1
2082,Joshua Garcia,nthornton@yahoo.com,South,2023-01-01,9999-12-31,1
2083,Dalton Taylor,judy31@hardy-french.com,East,2023-01-01,9999-12-31,1
2084,Melissa Santos,smithmary@yahoo.com,East,2023-01-01,9999-12-31,1
2085,James Wilcox,ramirezchelsea@smith-reyes.info,East,2023-01-01,9999-12-31,1
2086,Daniel Lopez,guerreroanthony@yahoo.com,East,2023-01-01,9999-12-31,1
2087,Susan Webster,lisa93@gmail.com,South,2023-01-01,9999-12-31,1
2088,Ronald Hamilton,aguirreangela@hotmail.com,East,2023-01-01,9999-12-31,1
2089,Donna Ritter,karmstrong@hotmail.com,North,2023-01-01,9999-12-31,1
2090,Tyler Mcdonald,rebeccacampbell@tapia.net,West,2023-01-01,9999-12-31,1
2091,Kenneth Johnson,joseph49@gmail.com,East,2023-01-01,9999-12-31,1
2092,Keith Morris,scottsmith@gmail.com,North,2023-01-01,9999-12-31,1
2093,Vincent Castillo,fbrown@prince-arnold.com,East,2023-01-01,9999-12-31,1
2094,David Buchanan,omartinez@gmail.com,South,2023-01-01,9999-12-31,1
2095,Luke Williams,lopezwilliam@riley-williams.com,North,2023-01-01,9999-12-31,1
2096,Miguel Green,gregorymeredith@yahoo.com,South,2023-01-01,9999-12-31,1
2097,Amanda Young,hunterdaniel@young.org,East,2023-01-01,9999-12-31,1
2098,Rodney Perry,douglas59@yahoo.com,North,2023-01-01,9999-12-31,1
2099,Jason Pearson,christy25@gmail.com,North,2023-01-01,9999-12-31,1
2100,Chris Garza,lindseydixon@romero.com,North,2023-01-01,9999-12-31,1
2101,Kevin Sandoval,pfarmer@friedman.org,East,2023-01-01,9999-12-31,1
2102,Laura Kelley,abbottallison@gmail.com,West,2023-01-01,9999-12-31,1
2103,Mary Meyer,james94@gmail.com,West,2023-01-01,9999-12-31,1
2104,Robert Madden,hedwards@allen.com,South,2023-01-01,9999-12-31,1
2105,Justin Jones,cjacobs@yahoo.com,West,2023-01-01,9999-12-31,1
2106,Ronald Hatfield,qcraig@jacobs.com,East,2023-01-01,9999-12-31,1
2107,Brad Fisher,xchen@yoder.com,North,2023-01-01,9999-12-31,1
2108,Jason Cannon,martinezaustin@yahoo.com,North,2023-01-01,9999-12-31,1
2109,Christopher Jones,zgomez@hotmail.com,East,2023-01-01,9999-12-31,1
2110,Michelle Wilson,mcknightbrandon@hotmail.com,North,2023-01-01,9999-12-31,1
2111,Tiffany Lozano,eroberts@hotmail.com,West,2023-01-01,9999-12-31,1
2112,Clifford Cannon,paulawatkins@craig-chavez.com,South,2023-01-01,9999-12-31,1
2113,Jordan Chapman,kennethpeterson@holmes.biz,East,2023-01-01,9999-12-31,1
2114,James Todd,cervantesjessica@clark.org,North,2023-01-01,9999-12-31,1
2115,Gregory Martin,tommy32@yahoo.com,East,2023-01-01,9999-12-31,1
2116,Deanna Obrien,elizabeththomas@arnold.com,West,2023-01-01,9999-12-31,1
2117,Steven Moyer,freemanlynn@harris-mcmahon.org,North,2023-01-01,9999-12-31,1
2118,Jeremy Martinez,samantha17@yahoo.com,North,2023-01-01,9999-12-31,1
2119,Brandon Taylor III,linda31@moore-rogers.info,North,2023-01-01,9999-12-31,1
2120,Kayla Waters,hamiltonsarah@hotmail.com,North,2023-01-01,9999-12-31,1
2121,Ryan Guerrero,sanchezbrenda@nunez.info,East,2023-01-01,9999-12-31,1
2122,Robert Gross,jamesliu@hotmail.com,West,2023-01-01,9999-12-31,1
2123,Nicole Smith,ngrant@thompson.biz,West,2023-01-01,9999-12-31,1
2124,Cynthia Bailey,mary47@robles-myers.com,South,2023-01-01,9999-12-31,1
2125,Elizabeth Robinson,umontes@gmail.com,East,2023-01-01,9999-12-31,1
2126,Audrey Marshall,baileyraymond@gmail.com,West,2023-01-01,9999-12-31,1
2127,Karen Ballard,bmcdaniel@yahoo.com,East,2023-01-01,9999-12-31,1
2128,Daniel Rosales,hartmarcus@hotmail.com,East,2023-01-01,9999-12-31,1
2129,James Ramos,rita47@hotmail.com,West,2023-01-01,9999-12-31,1
2130,Mark Williams,kwalker@hotmail.com,South,2023-01-01,9999-12-31,1
2131,Mario Gould,cassidysmith@hotmail.com,South,2023-01-01,9999-12-31,1
2132,James Deleon,katie81@hotmail.com,South,2023-01-01,9999-12-31,1
2133,Daniel Nichols,oheath@solis-lozano.com,North,2023-01-01,9999-12-31,1
2134,Juan Wright,brucekari@garcia.com,West,2023-01-01,9999-12-31,1
2135,Alexander Welch,nelsondavid@rios-anderson.com,North,2023-01-01,9999-12-31,1
2136,Angela Wagner,smithmaria@hotmail.com,North,2023-01-01,9999-12-31,1
2137,Anna Chapman,marievillarreal@yahoo.com,North,2023-01-01,9999-12-31,1
2138,Patrick Turner,corycosta@hotmail.com,East,2023-01-01,9999-12-31,1
2139,Eddie Davis,timothy88@gmail.com,East,2023-01-01,9999-12-31,1
2140,Willie Luna,chavezbecky@gmail.com,West,2023-01-01,9999-12-31,1
2141,David Wood,martin11@jackson.com,West,2023-01-01,9999-12-31,1
2142,Jamie Massey,saundersjohnathan@yang-flowers.com,East,2023-01-01,9999-12-31,1
2143,Keith Russell,hannah87@porter.info,East,2023-01-01,9999-12-31,1
2144,Kayla Trevino,simmonschris@sherman.net,North,2023-01-01,9999-12-31,1
2145,Carol Kim,mccluretyler@pratt.net,South,2023-01-01,9999-12-31,1
2146,Adam Wilson,alexandra95@hotmail.com,South,2023-01-01,9999-12-31,1
2147,Brenda Mills,april47@clark-rivera.com,South,2023-01-01,9999-12-31,1
2148,Mike Wells,ewhite@gmail.com,South,2023-01-01,9999-12-31,1
2149,Abigail Miles MD,drivera@harrison.net,South,2023-01-01,9999-12-31,1
2150,Haley Smith,justin69@torres.com,North,2023-01-01,9999-12-31,1
2151,Margaret Harris,crossjoshua@elliott-martinez.net,West,2023-01-01,9999-12-31,1
2152,Pamela Rivera,aclark@gmail.com,East,2023-01-01,9999-12-31,1
2153,Anna Pratt MD,ubaxter@huang.com,North,2023-01-01,9999-12-31,1
2154,Jessica Ortega,vincent13@hotmail.com,South,2023-01-01,9999-12-31,1
2155,Raymond Mccarthy,mary58@gmail.com,East,2023-01-01,9999-12-31,1
2156,Sarah Moses,marycastro@yahoo.com,North,2023-01-01,9999-12-31,1
2157,Danielle Martinez,gregory57@hotmail.com,South,2023-01-01,9999-12-31,1
2158,Jeff Jensen,vbrooks@gonzalez.net,North,2023-01-01,9999-12-31,1
2159,Kevin Murphy,wesley09@yahoo.com,East,2023-01-01,9999-12-31,1
2160,Donald Mendoza,joshua09@roy.org,West,2023-01-01,9999-12-31,1
2161,Katherine Wells,woodchloe@hernandez.com,South,2023-01-01,9999-12-31,1
2162,Roy Wilson,edwardsmichaela@yahoo.com,East,2023-01-01,9999-12-31,1
2163,Mrs. Lisa Smith,rebeccamatthews@yahoo.com,East,2023-01-01,9999-12-31,1
2164,Teresa Powell,leekathleen@daniel.com,West,2023-01-01,9999-12-31,1
2165,Donald Gonzalez,cynthiawilkinson@gmail.com,North,2023-01-01,9999-12-31,1
2166,Justin Wilson,knightsteven@gmail.com,West,2023-01-01,9999-12-31,1
2167,Catherine Miller,wangkristina@gmail.com,West,2023-01-01,9999-12-31,1
2168,Julia Wiley,mary32@brown-mccarthy.com,North,2023-01-01,9999-12-31,1
2169,Karl Gutierrez,nicole24@wolfe-baker.info,North,2023-01-01,9999-12-31,1
2170,Jack Barton,benjamindavenport@yahoo.com,North,2023-01-01,9999-12-31,1
2171,Keith Chaney,debbie43@yahoo.com,East,2023-01-01,9999-12-31,1
2172,Kathy Gallegos,palmerjason@gmail.com,East,2023-01-01,9999-12-31,1
2173,Andre Wilson,ltaylor@watson-gray.org,South,2023-01-01,9999-12-31,1
2174,Erica Garcia,moorethomas@yahoo.com,South,2023-01-01,9999-12-31,1
2175,Ariel Gentry,stevenlopez@gmail.com,West,2023-01-01,9999-12-31,1
2176,Luis Watkins,pwells@yahoo.com,West,2023-01-01,9999-12-31,1
2177,Lindsay Olson,billy38@gmail.com,South,2023-01-01,9999-12-31,1
2178,Raymond Finley,martingarrett@yahoo.com,West,2023-01-01,9999-12-31,1
2179,Traci Bender,davidcook@waller.com,North,2023-01-01,9999-12-31,1
2180,Judy Martin,jamesjackson@miller-young.com,East,2023-01-01,9999-12-31,1
2181,Nathaniel Moore,woodsmelvin@yahoo.com,South,2023-01-01,9999-12-31,1
2182,Jennifer Lewis,tguerra@gmail.com,East,2023-01-01,9999-12-31,1
2183,Anne Anderson,smejia@cross.com,South,2023-01-01,9999-12-31,1
2184,Michael Cordova,nicolethompson@wood.net,East,2023-01-01,9999-12-31,1
2185,Lisa Walton,devinlopez@turner.com,South,2023-01-01,9999-12-31,1
2186,Christopher Hernandez,eleonard@gmail.com,East,2023-01-01,9999-12-31,1
2187,Troy White,marshallchristopher@hotmail.com,North,2023-01-01,9999-12-31,1
2188,Mary Sullivan,luisandrews@parks-smith.biz,South,2023-01-01,9999-12-31,1
2189,Anthony Coleman,xshaw@joseph-richard.com,South,2023-01-01,9999-12-31,1
2190,Christopher Coleman,hernandezmatthew@hotmail.com,South,2023-01-01,9999-12-31,1
2191,Christina Hess,swilliams@gmail.com,North,2023-01-01,9999-12-31,1
2192,John Richardson,ronald40@hotmail.com,East,2023-01-01,9999-12-31,1
2193,Edward Butler,kenneth09@gmail.com,South,2023-01-01,9999-12-31,1
2194,Andrew Rodgers,christopherdavis@thomas.com,East,2023-01-01,9999-12-31,1
2195,Melissa Sanchez,jonesnathan@gmail.com,North,2023-01-01,9999-12-31,1
2196,Misty Burnett,uhunt@morgan.com,West,2023-01-01,9999-12-31,1
2197,Alex Clements,copelandryan@gmail.com,South,2023-01-01,9999-12-31,1
2198,Laura Cooley,brooksthomas@hill-barker.com,North,2023-01-01,9999-12-31,1
2199,Michael Jacobs,joseph63@casey.com,East,2023-01-01,9999-12-31,1
